filename,label
dataset_CAUCAfall_15FPS\fall\FallBackwardsS1.mp4,fall
dataset_CAUCAfall_15FPS\fall\FallBackwardsS10.mp4,fall
dataset_CAUCAfall_15FPS\fall\FallBackwardsS2.mp4,fall
dataset_CAUCAfall_15FPS\fall\FallBackwardsS3.mp4,fall
dataset_CAUCAfall_15FPS\fall\FallBackwardsS4.mp4,fall
dataset_CAUCAfall_15FPS\fall\FallBackwardsS5.mp4,fall
dataset_CAUCAfall_15FPS\fall\FallBackwardsS6.mp4,fall
dataset_CAUCAfall_15FPS\fall\FallBackwardsS7.mp4,fall
dataset_CAUCAfall_15FPS\fall\FallBackwardsS8.mp4,fall
dataset_CAUCAfall_15FPS\fall\FallBackwardsS9.mp4,fall
dataset_CAUCAfall_15FPS\fall\FallForwardS1.mp4,fall
dataset_CAUCAfall_15FPS\fall\FallForwardS10.mp4,fall
dataset_CAUCAfall_15FPS\fall\FallForwardS2.mp4,fall
dataset_CAUCAfall_15FPS\fall\FallForwardS3.mp4,fall
dataset_CAUCAfall_15FPS\fall\FallForwardS4.mp4,fall
dataset_CAUCAfall_15FPS\fall\FallForwardS5.mp4,fall
dataset_CAUCAfall_15FPS\fall\FallForwardS6.mp4,fall
dataset_CAUCAfall_15FPS\fall\FallForwardS7.mp4,fall
dataset_CAUCAfall_15FPS\fall\FallForwardS8.mp4,fall
dataset_CAUCAfall_15FPS\fall\FallForwardS9.mp4,fall
dataset_CAUCAfall_15FPS\fall\FallLeftS1.mp4,fall
dataset_CAUCAfall_15FPS\fall\FallLeftS10.mp4,fall
dataset_CAUCAfall_15FPS\fall\FallLeftS2.mp4,fall
dataset_CAUCAfall_15FPS\fall\FallLeftS3.mp4,fall
dataset_CAUCAfall_15FPS\fall\FallLeftS4.mp4,fall
dataset_CAUCAfall_15FPS\fall\FallLeftS5.mp4,fall
dataset_CAUCAfall_15FPS\fall\FallLeftS6.mp4,fall
dataset_CAUCAfall_15FPS\fall\FallLeftS7.mp4,fall
dataset_CAUCAfall_15FPS\fall\FallLeftS8.mp4,fall
dataset_CAUCAfall_15FPS\fall\FallLeftS9.mp4,fall
dataset_CAUCAfall_15FPS\fall\FallRightS1.mp4,fall
dataset_CAUCAfall_15FPS\fall\FallRightS10.mp4,fall
dataset_CAUCAfall_15FPS\fall\FallRightS2.mp4,fall
dataset_CAUCAfall_15FPS\fall\FallRightS3.mp4,fall
dataset_CAUCAfall_15FPS\fall\FallRightS4.mp4,fall
dataset_CAUCAfall_15FPS\fall\FallRightS5.mp4,fall
dataset_CAUCAfall_15FPS\fall\FallRightS6.mp4,fall
dataset_CAUCAfall_15FPS\fall\FallRightS7.mp4,fall
dataset_CAUCAfall_15FPS\fall\FallRightS8.mp4,fall
dataset_CAUCAfall_15FPS\fall\FallRightS9.mp4,fall
dataset_CAUCAfall_15FPS\fall\FallSittingS1.mp4,fall
dataset_CAUCAfall_15FPS\fall\FallSittingS10.mp4,fall
dataset_CAUCAfall_15FPS\fall\FallSittingS2.mp4,fall
dataset_CAUCAfall_15FPS\fall\FallSittingS3.mp4,fall
dataset_CAUCAfall_15FPS\fall\FallSittingS4.mp4,fall
dataset_CAUCAfall_15FPS\fall\FallSittingS5.mp4,fall
dataset_CAUCAfall_15FPS\fall\FallSittingS6.mp4,fall
dataset_CAUCAfall_15FPS\fall\FallSittingS7.mp4,fall
dataset_CAUCAfall_15FPS\fall\FallSittingS8.mp4,fall
dataset_CAUCAfall_15FPS\fall\FallSittingS9.mp4,fall
dataset_CAUCAfall_15FPS\no_fall\HopS1.mp4,nofall
dataset_CAUCAfall_15FPS\no_fall\HopS10.mp4,nofall
dataset_CAUCAfall_15FPS\no_fall\HopS2.mp4,nofall
dataset_CAUCAfall_15FPS\no_fall\HopS3.mp4,nofall
dataset_CAUCAfall_15FPS\no_fall\HopS4.mp4,nofall
dataset_CAUCAfall_15FPS\no_fall\HopS5.mp4,nofall
dataset_CAUCAfall_15FPS\no_fall\HopS6.mp4,nofall
dataset_CAUCAfall_15FPS\no_fall\HopS7.mp4,nofall
dataset_CAUCAfall_15FPS\no_fall\HopS8.mp4,nofall
dataset_CAUCAfall_15FPS\no_fall\HopS9.mp4,nofall
dataset_CAUCAfall_15FPS\no_fall\KneelS1.mp4,nofall
dataset_CAUCAfall_15FPS\no_fall\KneelS10.mp4,nofall
dataset_CAUCAfall_15FPS\no_fall\KneelS2.mp4,nofall
dataset_CAUCAfall_15FPS\no_fall\KneelS3.mp4,nofall
dataset_CAUCAfall_15FPS\no_fall\KneelS4.mp4,nofall
dataset_CAUCAfall_15FPS\no_fall\KneelS5.mp4,nofall
dataset_CAUCAfall_15FPS\no_fall\KneelS6.mp4,nofall
dataset_CAUCAfall_15FPS\no_fall\KneelS7.mp4,nofall
dataset_CAUCAfall_15FPS\no_fall\KneelS8.mp4,nofall
dataset_CAUCAfall_15FPS\no_fall\KneelS9.mp4,nofall
dataset_CAUCAfall_15FPS\no_fall\PickupobjectS1.mp4,nofall
dataset_CAUCAfall_15FPS\no_fall\PickupobjectS10.mp4,nofall
dataset_CAUCAfall_15FPS\no_fall\PickupobjectS2.mp4,nofall
dataset_CAUCAfall_15FPS\no_fall\PickupobjectS3.mp4,nofall
dataset_CAUCAfall_15FPS\no_fall\PickupobjectS4.mp4,nofall
dataset_CAUCAfall_15FPS\no_fall\PickupobjectS5.mp4,nofall
dataset_CAUCAfall_15FPS\no_fall\PickupobjectS6.mp4,nofall
dataset_CAUCAfall_15FPS\no_fall\PickupobjectS7.mp4,nofall
dataset_CAUCAfall_15FPS\no_fall\PickupobjectS8.mp4,nofall
dataset_CAUCAfall_15FPS\no_fall\PickupobjectS9.mp4,nofall
dataset_CAUCAfall_15FPS\no_fall\WalkS1.mp4,nofall
dataset_CAUCAfall_15FPS\no_fall\WalkS10.mp4,nofall
dataset_CAUCAfall_15FPS\no_fall\WalkS2.mp4,nofall
dataset_CAUCAfall_15FPS\no_fall\WalkS3.mp4,nofall
dataset_CAUCAfall_15FPS\no_fall\WalkS4.mp4,nofall
dataset_CAUCAfall_15FPS\no_fall\WalkS5.mp4,nofall
dataset_CAUCAfall_15FPS\no_fall\WalkS6.mp4,nofall
dataset_CAUCAfall_15FPS\no_fall\WalkS7.mp4,nofall
dataset_CAUCAfall_15FPS\no_fall\WalkS8.mp4,nofall
dataset_CAUCAfall_15FPS\no_fall\WalkS9.mp4,nofall
dataset_CAUCAfall_15FPS\sit\SitDownS1.mp4,fall
dataset_CAUCAfall_15FPS\sit\SitDownS10.mp4,fall
dataset_CAUCAfall_15FPS\sit\SitDownS2.mp4,fall
dataset_CAUCAfall_15FPS\sit\SitDownS3.mp4,fall
dataset_CAUCAfall_15FPS\sit\SitDownS4.mp4,fall
dataset_CAUCAfall_15FPS\sit\SitDownS5.mp4,fall
dataset_CAUCAfall_15FPS\sit\SitDownS6.mp4,fall
dataset_CAUCAfall_15FPS\sit\SitDownS7.mp4,fall
dataset_CAUCAfall_15FPS\sit\SitDownS8.mp4,fall
dataset_CAUCAfall_15FPS\sit\SitDownS9.mp4,fall
dataset_MAGICFall_front_15fps\fall\clip_0.mp4,fall
dataset_MAGICFall_front_15fps\fall\lanza_fall_01.mp4,fall
dataset_MAGICFall_front_15fps\fall\lanza_fall_02.mp4,fall
dataset_MAGICFall_front_15fps\fall\lanza_fall_03.mp4,fall
dataset_MAGICFall_front_15fps\fall\lanza_fall_04.mp4,fall
dataset_MAGICFall_front_15fps\fall\lanza_fall_05.mp4,fall
dataset_MAGICFall_front_15fps\fall\lanza_fall_06.mp4,fall
dataset_MAGICFall_front_15fps\fall\lanza_fall_07.mp4,fall
dataset_MAGICFall_front_15fps\fall\lanza_fall_08.mp4,fall
dataset_MAGICFall_front_15fps\fall\lanza_fall_09.mp4,fall
dataset_MAGICFall_front_15fps\fall\lanza_fall_10.mp4,fall
dataset_MAGICFall_front_15fps\fall\lanza_fall_11.mp4,fall
dataset_MAGICFall_front_15fps\fall\lanza_fall_12.mp4,fall
dataset_MAGICFall_front_15fps\fall\lanza_fall_13.mp4,fall
dataset_MAGICFall_front_15fps\fall\lanza_fall_14.mp4,fall
dataset_MAGICFall_front_15fps\fall\lanza_fall_15.mp4,fall
dataset_MAGICFall_front_15fps\fall\lanza_front_fall_01.mp4,fall
dataset_MAGICFall_front_15fps\fall\lanza_front_fall_02.mp4,fall
dataset_MAGICFall_front_15fps\fall\lanza_front_fall_03.mp4,fall
dataset_MAGICFall_front_15fps\fall\lanza_front_fall_04.mp4,fall
dataset_MAGICFall_front_15fps\fall\lanza_front_fall_05.mp4,fall
dataset_MAGICFall_front_15fps\fall\lanza_front_fall_06.mp4,fall
dataset_MAGICFall_front_15fps\fall\lanza_front_fall_07.mp4,fall
dataset_MAGICFall_front_15fps\fall\lanza_front_fall_08.mp4,fall
dataset_MAGICFall_front_15fps\fall\lanza_front_fall_09.mp4,fall
dataset_MAGICFall_front_15fps\fall\lanza_front_fall_10.mp4,fall
dataset_MAGICFall_front_15fps\fall\lanza_front_fall_11.mp4,fall
dataset_MAGICFall_front_15fps\fall\lanza_front_fall_12.mp4,fall
dataset_MAGICFall_front_15fps\fall\lanza_front_fall_13.mp4,fall
dataset_MAGICFall_front_15fps\fall\lanza_front_fall_14.mp4,fall
dataset_MAGICFall_front_15fps\fall\mauri_fall_01.mp4,fall
dataset_MAGICFall_front_15fps\fall\mauri_fall_02.mp4,fall
dataset_MAGICFall_front_15fps\fall\mauri_fall_03.mp4,fall
dataset_MAGICFall_front_15fps\fall\mauri_fall_04.mp4,fall
dataset_MAGICFall_front_15fps\fall\mauri_fall_05.mp4,fall
dataset_MAGICFall_front_15fps\fall\mauri_fall_06.mp4,fall
dataset_MAGICFall_front_15fps\fall\mauri_fall_07.mp4,fall
dataset_MAGICFall_front_15fps\fall\mauri_fall_08.mp4,fall
dataset_MAGICFall_front_15fps\fall\mauri_fall_09.mp4,fall
dataset_MAGICFall_front_15fps\fall\mauri_fall_10.mp4,fall
dataset_MAGICFall_front_15fps\fall\mauri_fall_11.mp4,fall
dataset_MAGICFall_front_15fps\fall\mauri_fall_12.mp4,fall
dataset_MAGICFall_front_15fps\fall\mauri_fall_13.mp4,fall
dataset_MAGICFall_front_15fps\fall\mauri_fall_14.mp4,fall
dataset_MAGICFall_front_15fps\fall\mauri_fall_15.mp4,fall
dataset_MAGICFall_front_15fps\no_fall\lanza_walk_01.mp4,nofall
dataset_MAGICFall_front_15fps\no_fall\lanza_walk_02.mp4,nofall
dataset_MAGICFall_front_15fps\no_fall\lanza_walk_03.mp4,nofall
dataset_MAGICFall_front_15fps\no_fall\lanza_walk_04.mp4,nofall
dataset_MAGICFall_front_15fps\no_fall\lanza_walk_05.mp4,nofall
dataset_MAGICFall_front_15fps\no_fall\lanza_walk_06.mp4,nofall
dataset_MAGICFall_front_15fps\no_fall\mauri_walk_01.mp4,nofall
dataset_MAGICFall_front_15fps\no_fall\mauri_walk_02.mp4,nofall
dataset_MAGICFall_front_15fps\no_fall\mauri_walk_03.mp4,nofall
dataset_MAGICFall_front_15fps\no_fall\mauri_walk_04.mp4,nofall
dataset_MAGICFall_front_15fps\no_fall\mauri_walk_05.mp4,nofall
dataset_MAGICFall_front_15fps\no_fall\mauri_walk_06.mp4,nofall
dataset_MAGICFall_front_15fps\no_fall\mauri_walk_08.mp4,nofall
dataset_MAGICFall_front_15fps\no_fall\mauri_walk_09.mp4,nofall
dataset_MAGICFall_front_15fps\no_fall\mauri_walk_10.mp4,nofall
dataset_MAGICFall_front_15fps\no_fall\mauri_walk_11.mp4,nofall
dataset_MAGICFall_front_15fps\sit\lanza_sit_01.mp4,fall
dataset_MAGICFall_front_15fps\sit\lanza_sit_02.mp4,fall
dataset_MAGICFall_front_15fps\sit\lanza_sit_03.mp4,fall
dataset_MAGICFall_front_15fps\sit\lanza_sit_04.mp4,fall
dataset_MAGICFall_front_15fps\sit\lanza_sit_05.mp4,fall
dataset_MAGICFall_front_15fps\sit\lanza_sit_06.mp4,fall
dataset_MAGICFall_front_15fps\sit\lanza_sit_07.mp4,fall
dataset_MAGICFall_front_15fps\sit\lanza_sit_08.mp4,fall
dataset_MAGICFall_front_15fps\sit\lanza_sit_09.mp4,fall
dataset_MAGICFall_front_15fps\sit\lanza_sit_10.mp4,fall
dataset_MAGICFall_front_15fps\sit\lanza_sit_11.mp4,fall
dataset_MAGICFall_front_15fps\sit\lanza_sit_12.mp4,fall
dataset_MAGICFall_front_15fps\sit\lanza_sit_13.mp4,fall
dataset_MAGICFall_front_15fps\sit\lanza_sit_14.mp4,fall
dataset_MAGICFall_front_15fps\sit\lanza_sit_15.mp4,fall
dataset_MAGICFall_front_15fps\sit\mauri_sit_01.mp4,fall
dataset_MAGICFall_front_15fps\sit\mauri_sit_02.mp4,fall
dataset_MAGICFall_front_15fps\sit\mauri_sit_03.mp4,fall
dataset_MAGICFall_front_15fps\sit\mauri_sit_04.mp4,fall
dataset_MAGICFall_front_15fps\sit\mauri_sit_05.mp4,fall
dataset_MAGICFall_front_15fps\sit\mauri_sit_06.mp4,fall
dataset_MAGICFall_front_15fps\sit\maur_sit_07.mp4,fall
dataset_MAGICFall_lay_15fps\lay\figio_lay_0.mp4,fall
dataset_MAGICFall_lay_15fps\lay\figio_lay_1.mp4,fall
dataset_MAGICFall_lay_15fps\lay\figio_lay_10.mp4,fall
dataset_MAGICFall_lay_15fps\lay\figio_lay_11.mp4,fall
dataset_MAGICFall_lay_15fps\lay\figio_lay_12.mp4,fall
dataset_MAGICFall_lay_15fps\lay\figio_lay_13.mp4,fall
dataset_MAGICFall_lay_15fps\lay\figio_lay_14.mp4,fall
dataset_MAGICFall_lay_15fps\lay\figio_lay_15.mp4,fall
dataset_MAGICFall_lay_15fps\lay\figio_lay_16.mp4,fall
dataset_MAGICFall_lay_15fps\lay\figio_lay_17.mp4,fall
dataset_MAGICFall_lay_15fps\lay\figio_lay_18.mp4,fall
dataset_MAGICFall_lay_15fps\lay\figio_lay_19.mp4,fall
dataset_MAGICFall_lay_15fps\lay\figio_lay_2.mp4,fall
dataset_MAGICFall_lay_15fps\lay\figio_lay_20.mp4,fall
dataset_MAGICFall_lay_15fps\lay\figio_lay_21.mp4,fall
dataset_MAGICFall_lay_15fps\lay\figio_lay_22.mp4,fall
dataset_MAGICFall_lay_15fps\lay\figio_lay_23.mp4,fall
dataset_MAGICFall_lay_15fps\lay\figio_lay_24.mp4,fall
dataset_MAGICFall_lay_15fps\lay\figio_lay_25.mp4,fall
dataset_MAGICFall_lay_15fps\lay\figio_lay_26.mp4,fall
dataset_MAGICFall_lay_15fps\lay\figio_lay_3.mp4,fall
dataset_MAGICFall_lay_15fps\lay\figio_lay_4.mp4,fall
dataset_MAGICFall_lay_15fps\lay\figio_lay_5.mp4,fall
dataset_MAGICFall_lay_15fps\lay\figio_lay_6.mp4,fall
dataset_MAGICFall_lay_15fps\lay\figio_lay_7.mp4,fall
dataset_MAGICFall_lay_15fps\lay\figio_lay_8.mp4,fall
dataset_MAGICFall_lay_15fps\lay\figio_lay_9.mp4,fall
dataset_MAGICFall_lay_15fps\lay\iaia_lay_0.mp4,fall
dataset_MAGICFall_lay_15fps\lay\iaia_lay_1.mp4,fall
dataset_MAGICFall_lay_15fps\lay\iaia_lay_10.mp4,fall
dataset_MAGICFall_lay_15fps\lay\iaia_lay_11.mp4,fall
dataset_MAGICFall_lay_15fps\lay\iaia_lay_12.mp4,fall
dataset_MAGICFall_lay_15fps\lay\iaia_lay_13.mp4,fall
dataset_MAGICFall_lay_15fps\lay\iaia_lay_14.mp4,fall
dataset_MAGICFall_lay_15fps\lay\iaia_lay_15.mp4,fall
dataset_MAGICFall_lay_15fps\lay\iaia_lay_16.mp4,fall
dataset_MAGICFall_lay_15fps\lay\iaia_lay_17.mp4,fall
dataset_MAGICFall_lay_15fps\lay\iaia_lay_18.mp4,fall
dataset_MAGICFall_lay_15fps\lay\iaia_lay_19.mp4,fall
dataset_MAGICFall_lay_15fps\lay\iaia_lay_2.mp4,fall
dataset_MAGICFall_lay_15fps\lay\iaia_lay_3.mp4,fall
dataset_MAGICFall_lay_15fps\lay\iaia_lay_4.mp4,fall
dataset_MAGICFall_lay_15fps\lay\iaia_lay_5.mp4,fall
dataset_MAGICFall_lay_15fps\lay\iaia_lay_50.mp4,fall
dataset_MAGICFall_lay_15fps\lay\iaia_lay_51.mp4,fall
dataset_MAGICFall_lay_15fps\lay\iaia_lay_52.mp4,fall
dataset_MAGICFall_lay_15fps\lay\iaia_lay_53.mp4,fall
dataset_MAGICFall_lay_15fps\lay\iaia_lay_54.mp4,fall
dataset_MAGICFall_lay_15fps\lay\iaia_lay_55.mp4,fall
dataset_MAGICFall_lay_15fps\lay\iaia_lay_56.mp4,fall
dataset_MAGICFall_lay_15fps\lay\iaia_lay_57.mp4,fall
dataset_MAGICFall_lay_15fps\lay\iaia_lay_58.mp4,fall
dataset_MAGICFall_lay_15fps\lay\iaia_lay_59.mp4,fall
dataset_MAGICFall_lay_15fps\lay\iaia_lay_6.mp4,fall
dataset_MAGICFall_lay_15fps\lay\iaia_lay_60.mp4,fall
dataset_MAGICFall_lay_15fps\lay\iaia_lay_61.mp4,fall
dataset_MAGICFall_lay_15fps\lay\iaia_lay_62.mp4,fall
dataset_MAGICFall_lay_15fps\lay\iaia_lay_63.mp4,fall
dataset_MAGICFall_lay_15fps\lay\iaia_lay_64.mp4,fall
dataset_MAGICFall_lay_15fps\lay\iaia_lay_65.mp4,fall
dataset_MAGICFall_lay_15fps\lay\iaia_lay_7.mp4,fall
dataset_MAGICFall_lay_15fps\lay\iaia_lay_8.mp4,fall
dataset_MAGICFall_lay_15fps\lay\iaia_lay_9.mp4,fall
dataset_MAGICFall_lay_15fps\lay\laba_lay_14.mp4,fall
dataset_MAGICFall_lay_15fps\lay\laba_lay_50.mp4,fall
dataset_MAGICFall_lay_15fps\lay\lanza_fall_15.mp4,fall
dataset_MAGICFall_lay_15fps\lay\lanza_fall_16.mp4,fall
dataset_MAGICFall_lay_15fps\lay\lanza_lay_0.mp4,fall
dataset_MAGICFall_lay_15fps\lay\lanza_lay_1.mp4,fall
dataset_MAGICFall_lay_15fps\lay\lanza_lay_10.mp4,fall
dataset_MAGICFall_lay_15fps\lay\lanza_lay_11.mp4,fall
dataset_MAGICFall_lay_15fps\lay\lanza_lay_12.mp4,fall
dataset_MAGICFall_lay_15fps\lay\lanza_lay_13.mp4,fall
dataset_MAGICFall_lay_15fps\lay\lanza_lay_14.mp4,fall
dataset_MAGICFall_lay_15fps\lay\lanza_lay_15.mp4,fall
dataset_MAGICFall_lay_15fps\lay\lanza_lay_16.mp4,fall
dataset_MAGICFall_lay_15fps\lay\lanza_lay_17.mp4,fall
dataset_MAGICFall_lay_15fps\lay\lanza_lay_18.mp4,fall
dataset_MAGICFall_lay_15fps\lay\lanza_lay_19.mp4,fall
dataset_MAGICFall_lay_15fps\lay\lanza_lay_2.mp4,fall
dataset_MAGICFall_lay_15fps\lay\lanza_lay_20.mp4,fall
dataset_MAGICFall_lay_15fps\lay\lanza_lay_21.mp4,fall
dataset_MAGICFall_lay_15fps\lay\lanza_lay_22.mp4,fall
dataset_MAGICFall_lay_15fps\lay\lanza_lay_23.mp4,fall
dataset_MAGICFall_lay_15fps\lay\lanza_lay_24.mp4,fall
dataset_MAGICFall_lay_15fps\lay\lanza_lay_25.mp4,fall
dataset_MAGICFall_lay_15fps\lay\lanza_lay_26.mp4,fall
dataset_MAGICFall_lay_15fps\lay\lanza_lay_27.mp4,fall
dataset_MAGICFall_lay_15fps\lay\lanza_lay_28.mp4,fall
dataset_MAGICFall_lay_15fps\lay\lanza_lay_5.mp4,fall
dataset_MAGICFall_lay_15fps\lay\lanza_lay_6.mp4,fall
dataset_MAGICFall_lay_15fps\lay\lanza_lay_7.mp4,fall
dataset_MAGICFall_lay_15fps\lay\lanza_lay_8.mp4,fall
dataset_MAGICFall_lay_15fps\lay\lanza_lay_9.mp4,fall
dataset_MAGICFall_lay_15fps\lay\mauri_lay_still_0.mp4,fall
dataset_MAGICFall_lay_15fps\lay\mauri_lay_still_1.mp4,fall
dataset_MAGICFall_lay_15fps\lay\mauri_lay_still_10.mp4,fall
dataset_MAGICFall_lay_15fps\lay\mauri_lay_still_11.mp4,fall
dataset_MAGICFall_lay_15fps\lay\mauri_lay_still_2.mp4,fall
dataset_MAGICFall_lay_15fps\lay\mauri_lay_still_3.mp4,fall
dataset_MAGICFall_lay_15fps\lay\mauri_lay_still_4.mp4,fall
dataset_MAGICFall_lay_15fps\lay\mauri_lay_still_5.mp4,fall
dataset_MAGICFall_lay_15fps\lay\mauri_lay_still_6.mp4,fall
dataset_MAGICFall_lay_15fps\lay\mauri_lay_still_7.mp4,fall
dataset_MAGICFall_lay_15fps\lay\mauri_lay_still_8.mp4,fall
dataset_MAGICFall_lay_15fps\lay\mauri_lay_still_9.mp4,fall
dataset_MAGICFall_lay_15fps\lay\MF_V1_lay_1.mp4,fall
dataset_MAGICFall_lay_15fps\lay\MF_V1_lay_10.mp4,fall
dataset_MAGICFall_lay_15fps\lay\MF_V1_lay_11.mp4,fall
dataset_MAGICFall_lay_15fps\lay\MF_V1_lay_12.mp4,fall
dataset_MAGICFall_lay_15fps\lay\MF_V1_lay_13.mp4,fall
dataset_MAGICFall_lay_15fps\lay\MF_V1_lay_14.mp4,fall
dataset_MAGICFall_lay_15fps\lay\MF_V1_lay_15.mp4,fall
dataset_MAGICFall_lay_15fps\lay\MF_V1_lay_16.mp4,fall
dataset_MAGICFall_lay_15fps\lay\MF_V1_lay_17.mp4,fall
dataset_MAGICFall_lay_15fps\lay\MF_V1_lay_18.mp4,fall
dataset_MAGICFall_lay_15fps\lay\MF_V1_lay_19.mp4,fall
dataset_MAGICFall_lay_15fps\lay\MF_V1_lay_2.mp4,fall
dataset_MAGICFall_lay_15fps\lay\MF_V1_lay_20.mp4,fall
dataset_MAGICFall_lay_15fps\lay\MF_V1_lay_21.mp4,fall
dataset_MAGICFall_lay_15fps\lay\MF_V1_lay_22.mp4,fall
dataset_MAGICFall_lay_15fps\lay\MF_V1_lay_23.mp4,fall
dataset_MAGICFall_lay_15fps\lay\MF_V1_lay_24.mp4,fall
dataset_MAGICFall_lay_15fps\lay\MF_V1_lay_25.mp4,fall
dataset_MAGICFall_lay_15fps\lay\MF_V1_lay_26.mp4,fall
dataset_MAGICFall_lay_15fps\lay\MF_V1_lay_3.mp4,fall
dataset_MAGICFall_lay_15fps\lay\MF_V1_lay_4.mp4,fall
dataset_MAGICFall_lay_15fps\lay\MF_V1_lay_5.mp4,fall
dataset_MAGICFall_lay_15fps\lay\MF_V1_lay_6.mp4,fall
dataset_MAGICFall_lay_15fps\lay\MF_V1_lay_7.mp4,fall
dataset_MAGICFall_lay_15fps\lay\MF_V1_lay_8.mp4,fall
dataset_MAGICFall_lay_15fps\lay\MF_V1_lay_9.mp4,fall
dataset_MAGICFall_lay_15fps\lay\mf_V3_lay_46.mp4,fall
dataset_MAGICFall_lay_15fps\lay\mf_V3_lay_47.mp4,fall
dataset_MAGICFall_lay_15fps\lay\mf_V3_lay_48.mp4,fall
dataset_MAGICFall_lay_15fps\lay\mf_V3_lay_49.mp4,fall
dataset_MAGICFall_SlowFall_15fps\fall\figio_fall_01_01.mp4,fall
dataset_MAGICFall_SlowFall_15fps\fall\figio_fall_02_01.mp4,fall
dataset_MAGICFall_SlowFall_15fps\fall\figio_fall_02_02.mp4,fall
dataset_MAGICFall_SlowFall_15fps\fall\figio_fall_03.mp4,fall
dataset_MAGICFall_SlowFall_15fps\fall\figio_fall_03_01.mp4,fall
dataset_MAGICFall_SlowFall_15fps\fall\figio_fall_03_02.mp4,fall
dataset_MAGICFall_SlowFall_15fps\fall\figio_slow_fall_01_03.mp4,fall
dataset_MAGICFall_SlowFall_15fps\fall\figio_slow_fall_02.mp4,fall
dataset_MAGICFall_SlowFall_15fps\fall\figio_slow_fall_03.mp4,fall
dataset_MAGICFall_SlowFall_15fps\fall\figio_slow_fall_03_03.mp4,fall
dataset_MAGICFall_SlowFall_15fps\fall\iaia_fall_0.mp4,fall
dataset_MAGICFall_SlowFall_15fps\fall\iaia_fall_1.mp4,fall
dataset_MAGICFall_SlowFall_15fps\fall\iaia_fall_2.mp4,fall
dataset_MAGICFall_SlowFall_15fps\fall\iaia_fall_3.mp4,fall
dataset_MAGICFall_SlowFall_15fps\fall\iaia_fall_4.mp4,fall
dataset_MAGICFall_SlowFall_15fps\fall\iaia_slow_fall_0.mp4,fall
dataset_MAGICFall_SlowFall_15fps\fall\iaia_slow_fall_1.mp4,fall
dataset_MAGICFall_SlowFall_15fps\fall\iaia_slow_fall_10.mp4,fall
dataset_MAGICFall_SlowFall_15fps\fall\iaia_slow_fall_11.mp4,fall
dataset_MAGICFall_SlowFall_15fps\fall\iaia_slow_fall_12.mp4,fall
dataset_MAGICFall_SlowFall_15fps\fall\iaia_slow_fall_13.mp4,fall
dataset_MAGICFall_SlowFall_15fps\fall\iaia_slow_fall_14.mp4,fall
dataset_MAGICFall_SlowFall_15fps\fall\iaia_slow_fall_2.mp4,fall
dataset_MAGICFall_SlowFall_15fps\fall\iaia_slow_fall_3.mp4,fall
dataset_MAGICFall_SlowFall_15fps\fall\iaia_slow_fall_4.mp4,fall
dataset_MAGICFall_SlowFall_15fps\fall\iaia_slow_fall_5.mp4,fall
dataset_MAGICFall_SlowFall_15fps\fall\iaia_slow_fall_6.mp4,fall
dataset_MAGICFall_SlowFall_15fps\fall\iaia_slow_fall_7.mp4,fall
dataset_MAGICFall_SlowFall_15fps\fall\iaia_slow_fall_8.mp4,fall
dataset_MAGICFall_SlowFall_15fps\fall\iaia_slow_fall_9.mp4,fall
dataset_MAGICFall_SlowFall_15fps\fall\lanza_slow_fall_0.mp4,fall
dataset_MAGICFall_SlowFall_15fps\fall\lanza_slow_fall_1.mp4,fall
dataset_MAGICFall_SlowFall_15fps\fall\lanza_slow_fall_10.mp4,fall
dataset_MAGICFall_SlowFall_15fps\fall\lanza_slow_fall_11.mp4,fall
dataset_MAGICFall_SlowFall_15fps\fall\lanza_slow_fall_12.mp4,fall
dataset_MAGICFall_SlowFall_15fps\fall\lanza_slow_fall_13.mp4,fall
dataset_MAGICFall_SlowFall_15fps\fall\lanza_slow_fall_14.mp4,fall
dataset_MAGICFall_SlowFall_15fps\fall\lanza_slow_fall_15.mp4,fall
dataset_MAGICFall_SlowFall_15fps\fall\lanza_slow_fall_16.mp4,fall
dataset_MAGICFall_SlowFall_15fps\fall\lanza_slow_fall_2.mp4,fall
dataset_MAGICFall_SlowFall_15fps\fall\lanza_slow_fall_3.mp4,fall
dataset_MAGICFall_SlowFall_15fps\fall\lanza_slow_fall_4.mp4,fall
dataset_MAGICFall_SlowFall_15fps\fall\lanza_slow_fall_5.mp4,fall
dataset_MAGICFall_SlowFall_15fps\fall\lanza_slow_fall_6.mp4,fall
dataset_MAGICFall_SlowFall_15fps\fall\lanza_slow_fall_7.mp4,fall
dataset_MAGICFall_SlowFall_15fps\fall\lanza_slow_fall_8.mp4,fall
dataset_MAGICFall_SlowFall_15fps\fall\lanza_slow_fall_9.mp4,fall
dataset_MAGICFall_SlowFall_15fps\fall\mamma_fall_02.mp4,fall
dataset_MAGICFall_SlowFall_15fps\fall\mamma_fall_03.mp4,fall
dataset_MAGICFall_SlowFall_15fps\fall\mamma_slow_fall_01.mp4,fall
dataset_MAGICFall_SlowFall_15fps\fall\mamma_slow_fall_01_01.mp4,fall
dataset_MAGICFall_SlowFall_15fps\fall\mamma_slow_fall_02.mp4,fall
dataset_MAGICFall_SlowFall_15fps\fall\mamma_slow_fall_02_01.mp4,fall
dataset_MAGICFall_SlowFall_15fps\fall\mamma_slow_fall_03.mp4,fall
dataset_MAGICFall_SlowFall_15fps\fall\mamma_slow_fall_03_01.mp4,fall
dataset_MAGICFall_SlowFall_15fps\no_fall\figio_nofall_01.mp4,nofall
dataset_MAGICFall_SlowFall_15fps\no_fall\figio_nofall_03.mp4,nofall
dataset_MAGICFall_SlowFall_15fps\no_fall\iaia_walk_10.mp4,nofall
dataset_MAGICFall_SlowFall_15fps\no_fall\iaia_walk_11.mp4,nofall
dataset_MAGICFall_SlowFall_15fps\no_fall\iaia_walk_12.mp4,nofall
dataset_MAGICFall_SlowFall_15fps\no_fall\iaia_walk_5.mp4,nofall
dataset_MAGICFall_SlowFall_15fps\no_fall\iaia_walk_6.mp4,nofall
dataset_MAGICFall_SlowFall_15fps\no_fall\iaia_walk_7.mp4,nofall
dataset_MAGICFall_SlowFall_15fps\no_fall\iaia_walk_8.mp4,nofall
dataset_MAGICFall_SlowFall_15fps\no_fall\iaia_walk_9.mp4,nofall
dataset_MAGICFall_SlowFall_15fps\no_fall\lanza_walk_0.mp4,nofall
dataset_MAGICFall_SlowFall_15fps\no_fall\lanza_walk_1.mp4,nofall
dataset_MAGICFall_SlowFall_15fps\no_fall\lanza_walk_2.mp4,nofall
dataset_MAGICFall_SlowFall_15fps\no_fall\lanza_walk_3.mp4,nofall
dataset_MAGICFall_SlowFall_15fps\no_fall\lanza_walk_4.mp4,nofall
dataset_MAGICFall_SlowFall_15fps\no_fall\lanza_walk_5.mp4,nofall
dataset_MAGICFall_SlowFall_15fps\no_fall\lanza_walk_6.mp4,nofall
dataset_MAGICFall_SlowFall_15fps\no_fall\mamma_nofall_01.mp4,nofall
dataset_MAGICFall_SlowFall_15fps\no_fall\mamma_nofall_02.mp4,nofall
dataset_MAGICFall_SlowFall_15fps\sit\figio_sit_01.mp4,fall
dataset_MAGICFall_SlowFall_15fps\sit\figio_sit_02.mp4,fall
dataset_MAGICFall_SlowFall_15fps\sit\figio_sit_03.mp4,fall
dataset_MAGICFall_SlowFall_15fps\sit\iaia_sit_0.mp4,fall
dataset_MAGICFall_SlowFall_15fps\sit\iaia_sit_1.mp4,fall
dataset_MAGICFall_SlowFall_15fps\sit\iaia_sit_10.mp4,fall
dataset_MAGICFall_SlowFall_15fps\sit\iaia_sit_11.mp4,fall
dataset_MAGICFall_SlowFall_15fps\sit\iaia_sit_12.mp4,fall
dataset_MAGICFall_SlowFall_15fps\sit\iaia_sit_13.mp4,fall
dataset_MAGICFall_SlowFall_15fps\sit\iaia_sit_14.mp4,fall
dataset_MAGICFall_SlowFall_15fps\sit\iaia_sit_15.mp4,fall
dataset_MAGICFall_SlowFall_15fps\sit\iaia_sit_2.mp4,fall
dataset_MAGICFall_SlowFall_15fps\sit\iaia_sit_3.mp4,fall
dataset_MAGICFall_SlowFall_15fps\sit\iaia_sit_4.mp4,fall
dataset_MAGICFall_SlowFall_15fps\sit\iaia_sit_5.mp4,fall
dataset_MAGICFall_SlowFall_15fps\sit\iaia_sit_6.mp4,fall
dataset_MAGICFall_SlowFall_15fps\sit\iaia_sit_7.mp4,fall
dataset_MAGICFall_SlowFall_15fps\sit\iaia_sit_8.mp4,fall
dataset_MAGICFall_SlowFall_15fps\sit\iaia_sit_9.mp4,fall
dataset_MAGICFall_SlowFall_15fps\sit\lanza_sit_0.mp4,fall
dataset_MAGICFall_SlowFall_15fps\sit\lanza_sit_1.mp4,fall
dataset_MAGICFall_SlowFall_15fps\sit\lanza_sit_2.mp4,fall
dataset_MAGICFall_SlowFall_15fps\sit\lanza_sit_3.mp4,fall
dataset_MAGICFall_SlowFall_15fps\sit\lanza_sit_4.mp4,fall
dataset_MAGICFall_SlowFall_15fps\sit\lanza_sit_5.mp4,fall
dataset_MAGICFall_SlowFall_15fps\sit\lanza_sit_6.mp4,fall
dataset_MAGICFall_SlowFall_15fps\sit\lanza_sit_7.mp4,fall
dataset_MAGICFall_SlowFall_15fps\sit\lanza_sit_8.mp4,fall
dataset_MAGICFall_SlowFall_15fps\sit\mamma_sit_01.mp4,fall
dataset_MAGICFall_SlowFall_15fps\sit\mamma_sit_01_01.mp4,fall
dataset_MAGICFall_SlowFall_15fps\sit\mamma_sit_03_01.mp4,fall
dataset_MAGICFall_v1_15fps\fall\ds2i_figio_infarct.mp4,fall
dataset_MAGICFall_v1_15fps\fall\ds2i_iaia_back.mp4,fall
dataset_MAGICFall_v1_15fps\fall\ds2i_iaia_chair.mp4,fall
dataset_MAGICFall_v1_15fps\fall\ds2i_iaia_front.mp4,fall
dataset_MAGICFall_v1_15fps\fall\ds2i_iaia_infarct.mp4,fall
dataset_MAGICFall_v1_15fps\fall\ds2i_iaia_side.mp4,fall
dataset_MAGICFall_v1_15fps\fall\ds2i_laba_back.mp4,fall
dataset_MAGICFall_v1_15fps\fall\ds2i_laba_front.mp4,fall
dataset_MAGICFall_v1_15fps\fall\ds2i_laba_infarct.mp4,fall
dataset_MAGICFall_v1_15fps\fall\ds2i_laba_side.mp4,fall
dataset_MAGICFall_v1_15fps\fall\ds2i_lanza_back.mp4,fall
dataset_MAGICFall_v1_15fps\fall\ds2i_lanza_chair.mp4,fall
dataset_MAGICFall_v1_15fps\fall\ds2i_lanza_front.mp4,fall
dataset_MAGICFall_v1_15fps\fall\ds2i_lanza_infarct.mp4,fall
dataset_MAGICFall_v1_15fps\fall\ds2i_lanza_side_fall_2.mp4,fall
dataset_MAGICFall_v1_15fps\fall\ds2i_mandre_back.mp4,fall
dataset_MAGICFall_v1_15fps\fall\ds2i_mandre_chair.mp4,fall
dataset_MAGICFall_v1_15fps\fall\ds2i_mandre_chair2_fall_3.mp4,fall
dataset_MAGICFall_v1_15fps\fall\ds2i_mandre_front.mp4,fall
dataset_MAGICFall_v1_15fps\fall\ds2i_mandre_infarct.mp4,fall
dataset_MAGICFall_v1_15fps\fall\ds2i_mandre_side.mp4,fall
dataset_MAGICFall_v1_15fps\fall\ds2i_mauri_back.mp4,fall
dataset_MAGICFall_v1_15fps\fall\ds2i_mauri_chair.mp4,fall
dataset_MAGICFall_v1_15fps\fall\ds2i_mauri_front.mp4,fall
dataset_MAGICFall_v1_15fps\fall\ds2i_mauri_side.mp4,fall
dataset_MAGICFall_v1_15fps\fall\ds2i_mauri_side_fall_4.mp4,fall
dataset_MAGICFall_v1_15fps\fall\ds2m_figio_back.mp4,fall
dataset_MAGICFall_v1_15fps\fall\ds2m_figio_chair.mp4,fall
dataset_MAGICFall_v1_15fps\fall\ds2m_figio_front.mp4,fall
dataset_MAGICFall_v1_15fps\fall\ds2m_figio_infarct.mp4,fall
dataset_MAGICFall_v1_15fps\fall\ds2m_figio_side.mp4,fall
dataset_MAGICFall_v1_15fps\fall\ds2m_iaia_back.mp4,fall
dataset_MAGICFall_v1_15fps\fall\ds2m_iaia_chair.mp4,fall
dataset_MAGICFall_v1_15fps\fall\ds2m_iaia_front.mp4,fall
dataset_MAGICFall_v1_15fps\fall\ds2m_iaia_infarct.mp4,fall
dataset_MAGICFall_v1_15fps\fall\ds2m_iaia_side.mp4,fall
dataset_MAGICFall_v1_15fps\fall\ds2m_laba_back.mp4,fall
dataset_MAGICFall_v1_15fps\fall\ds2m_laba_front.mp4,fall
dataset_MAGICFall_v1_15fps\fall\ds2m_laba_infarct.mp4,fall
dataset_MAGICFall_v1_15fps\fall\ds2m_laba_side.mp4,fall
dataset_MAGICFall_v1_15fps\fall\ds2m_lanza_back.mp4,fall
dataset_MAGICFall_v1_15fps\fall\ds2m_lanza_chair.mp4,fall
dataset_MAGICFall_v1_15fps\fall\ds2m_lanza_front.mp4,fall
dataset_MAGICFall_v1_15fps\fall\ds2m_lanza_front_fall_5.mp4,fall
dataset_MAGICFall_v1_15fps\fall\ds2m_lanza_infarct_fall_6.mp4,fall
dataset_MAGICFall_v1_15fps\fall\ds2m_lanza_infarct_fall_7.mp4,fall
dataset_MAGICFall_v1_15fps\fall\ds2m_mandre_back.mp4,fall
dataset_MAGICFall_v1_15fps\fall\ds2m_mandre_chair.mp4,fall
dataset_MAGICFall_v1_15fps\fall\ds2m_mandre_chair2.mp4,fall
dataset_MAGICFall_v1_15fps\fall\ds2m_mandre_front.mp4,fall
dataset_MAGICFall_v1_15fps\fall\ds2m_mandre_infarct.mp4,fall
dataset_MAGICFall_v1_15fps\fall\ds2m_mandre_side.mp4,fall
dataset_MAGICFall_v1_15fps\fall\ds2m_mauri_back.mp4,fall
dataset_MAGICFall_v1_15fps\fall\ds2m_mauri_chair.mp4,fall
dataset_MAGICFall_v1_15fps\fall\ds2m_mauri_infarct.mp4,fall
dataset_MAGICFall_v1_15fps\fall\ds2m_mauri_side.mp4,fall
dataset_MAGICFall_v1_15fps\no_fall\ds2i_figio_pick.mp4,nofall
dataset_MAGICFall_v1_15fps\no_fall\ds2i_figio_walk.mp4,nofall
dataset_MAGICFall_v1_15fps\no_fall\ds2i_iaia_pick.mp4,nofall
dataset_MAGICFall_v1_15fps\no_fall\ds2i_iaia_walk.mp4,nofall
dataset_MAGICFall_v1_15fps\no_fall\ds2i_laba_pick.mp4,nofall
dataset_MAGICFall_v1_15fps\no_fall\ds2i_laba_walk.mp4,nofall
dataset_MAGICFall_v1_15fps\no_fall\ds2i_lanza_pick.mp4,nofall
dataset_MAGICFall_v1_15fps\no_fall\ds2i_lanza_walk.mp4,nofall
dataset_MAGICFall_v1_15fps\no_fall\ds2i_mandre_pick.mp4,nofall
dataset_MAGICFall_v1_15fps\no_fall\ds2i_mandre_walk.mp4,nofall
dataset_MAGICFall_v1_15fps\no_fall\ds2i_mauri_pick.mp4,nofall
dataset_MAGICFall_v1_15fps\no_fall\ds2i_mauri_walk.mp4,nofall
dataset_MAGICFall_v1_15fps\no_fall\ds2m_figio_pick.mp4,nofall
dataset_MAGICFall_v1_15fps\no_fall\ds2m_figio_walk.mp4,nofall
dataset_MAGICFall_v1_15fps\no_fall\ds2m_iaia_pick.mp4,nofall
dataset_MAGICFall_v1_15fps\no_fall\ds2m_iaia_walk.mp4,nofall
dataset_MAGICFall_v1_15fps\no_fall\ds2m_laba_pick.mp4,nofall
dataset_MAGICFall_v1_15fps\no_fall\ds2m_laba_walk.mp4,nofall
dataset_MAGICFall_v1_15fps\no_fall\ds2m_lanza_pick.mp4,nofall
dataset_MAGICFall_v1_15fps\no_fall\ds2m_lanza_walk.mp4,nofall
dataset_MAGICFall_v1_15fps\no_fall\ds2m_mandre_pick.mp4,nofall
dataset_MAGICFall_v1_15fps\no_fall\ds2m_mandre_walk.mp4,nofall
dataset_MAGICFall_v1_15fps\no_fall\ds2m_mauri_pick.mp4,nofall
dataset_MAGICFall_v1_15fps\no_fall\ds2m_mauri_walk.mp4,nofall
dataset_MAGICFall_v1_15fps\sit\ds2i_figio_sit.mp4,fall
dataset_MAGICFall_v1_15fps\sit\ds2i_iaia_sit.mp4,fall
dataset_MAGICFall_v1_15fps\sit\ds2i_laba_sit.mp4,fall
dataset_MAGICFall_v1_15fps\sit\ds2i_lanza_sit.mp4,fall
dataset_MAGICFall_v1_15fps\sit\ds2i_mandre_sit.mp4,fall
dataset_MAGICFall_v1_15fps\sit\ds2i_mauri_sit.mp4,fall
dataset_MAGICFall_v1_15fps\sit\ds2m_iaia_sit.mp4,fall
dataset_MAGICFall_v1_15fps\sit\ds2m_laba_sit.mp4,fall
dataset_MAGICFall_v1_15fps\sit\ds2m_lanza_sit.mp4,fall
dataset_MAGICFall_v1_15fps\sit\ds2m_mandre_sit.mp4,fall
dataset_MAGICFall_v1_15fps\sit\ds2m_mauri_sit.mp4,fall
dataset_MAGICfall_v3_15fps\fall\iaia_front.mp4,fall
dataset_MAGICfall_v3_15fps\fall\iaia_front2_1.mp4,fall
dataset_MAGICfall_v3_15fps\fall\iaia_front2_2.mp4,fall
dataset_MAGICfall_v3_15fps\fall\iaia_front2_3.mp4,fall
dataset_MAGICfall_v3_15fps\fall\iaia_front_1.mp4,fall
dataset_MAGICfall_v3_15fps\fall\iaia_front_2.mp4,fall
dataset_MAGICfall_v3_15fps\fall\iaia_front_3.mp4,fall
dataset_MAGICfall_v3_15fps\fall\iaia_heart.mp4,fall
dataset_MAGICfall_v3_15fps\fall\iaia_heart_1.mp4,fall
dataset_MAGICfall_v3_15fps\fall\iaia_heart_2.mp4,fall
dataset_MAGICfall_v3_15fps\fall\iaia_heart_3.mp4,fall
dataset_MAGICfall_v3_15fps\fall\iaia_side.mp4,fall
dataset_MAGICfall_v3_15fps\fall\iaia_side_1.mp4,fall
dataset_MAGICfall_v3_15fps\fall\iaia_side_2.mp4,fall
dataset_MAGICfall_v3_15fps\fall\iaia_side_3.mp4,fall
dataset_MAGICfall_v3_15fps\fall\laba_back.mp4,fall
dataset_MAGICfall_v3_15fps\fall\laba_back_1.mp4,fall
dataset_MAGICfall_v3_15fps\fall\laba_back_2.mp4,fall
dataset_MAGICfall_v3_15fps\fall\laba_back_3.mp4,fall
dataset_MAGICfall_v3_15fps\fall\laba_chair.mp4,fall
dataset_MAGICfall_v3_15fps\fall\laba_chair_1.mp4,fall
dataset_MAGICfall_v3_15fps\fall\laba_chair_2.mp4,fall
dataset_MAGICfall_v3_15fps\fall\laba_chair_3.mp4,fall
dataset_MAGICfall_v3_15fps\fall\laba_chair_4.mp4,fall
dataset_MAGICfall_v3_15fps\fall\laba_chair_5.mp4,fall
dataset_MAGICfall_v3_15fps\fall\laba_chair_6.mp4,fall
dataset_MAGICfall_v3_15fps\fall\laba_chair_7.mp4,fall
dataset_MAGICfall_v3_15fps\fall\laba_chair_8.mp4,fall
dataset_MAGICfall_v3_15fps\fall\laba_chair_9.mp4,fall
dataset_MAGICfall_v3_15fps\fall\laba_fall_chair.mp4,fall
dataset_MAGICfall_v3_15fps\fall\laba_fall_chair_1.mp4,fall
dataset_MAGICfall_v3_15fps\fall\laba_fall_chair_2.mp4,fall
dataset_MAGICfall_v3_15fps\fall\laba_front.mp4,fall
dataset_MAGICfall_v3_15fps\fall\laba_front_1.mp4,fall
dataset_MAGICfall_v3_15fps\fall\laba_front_2.mp4,fall
dataset_MAGICfall_v3_15fps\fall\laba_front_3.mp4,fall
dataset_MAGICfall_v3_15fps\fall\laba_heart(1).mp4,fall
dataset_MAGICfall_v3_15fps\fall\laba_heart.mp4,fall
dataset_MAGICfall_v3_15fps\fall\laba_heart_1.mp4,fall
dataset_MAGICfall_v3_15fps\fall\laba_heart_3.mp4,fall
dataset_MAGICfall_v3_15fps\fall\laba_infarto.mp4,fall
dataset_MAGICfall_v3_15fps\fall\laba_laydown_3.mp4,fall
dataset_MAGICfall_v3_15fps\fall\laba_side.mp4,fall
dataset_MAGICfall_v3_15fps\fall\laba_side2_1.mp4,fall
dataset_MAGICfall_v3_15fps\fall\laba_side2_2.mp4,fall
dataset_MAGICfall_v3_15fps\fall\laba_side2_3.mp4,fall
dataset_MAGICfall_v3_15fps\fall\laba_side_1.mp4,fall
dataset_MAGICfall_v3_15fps\fall\laba_side_3.mp4,fall
dataset_MAGICfall_v3_15fps\fall\laba_size_2.mp4,fall
dataset_MAGICfall_v3_15fps\fall\lanza_back.mp4,fall
dataset_MAGICfall_v3_15fps\fall\lanza_back_1.mp4,fall
dataset_MAGICfall_v3_15fps\fall\lanza_back_2.mp4,fall
dataset_MAGICfall_v3_15fps\fall\lanza_back_3.mp4,fall
dataset_MAGICfall_v3_15fps\fall\lanza_fall_chair.mp4,fall
dataset_MAGICfall_v3_15fps\fall\lanza_fall_chair_1.mp4,fall
dataset_MAGICfall_v3_15fps\fall\lanza_fall_chair_2.mp4,fall
dataset_MAGICfall_v3_15fps\fall\lanza_fall_chair_3.mp4,fall
dataset_MAGICfall_v3_15fps\fall\lanza_fall_chair_4.mp4,fall
dataset_MAGICfall_v3_15fps\fall\lanza_fall_chair_5.mp4,fall
dataset_MAGICfall_v3_15fps\fall\lanza_fall_chair_6.mp4,fall
dataset_MAGICfall_v3_15fps\fall\lanza_fall_chair_7.mp4,fall
dataset_MAGICfall_v3_15fps\fall\lanza_fall_couch.mp4,fall
dataset_MAGICfall_v3_15fps\fall\lanza_front.mp4,fall
dataset_MAGICfall_v3_15fps\fall\lanza_front_1.mp4,fall
dataset_MAGICfall_v3_15fps\fall\lanza_front_2.mp4,fall
dataset_MAGICfall_v3_15fps\fall\lanza_front_3.mp4,fall
dataset_MAGICfall_v3_15fps\fall\lanza_heart.mp4,fall
dataset_MAGICfall_v3_15fps\fall\lanza_heart_1.mp4,fall
dataset_MAGICfall_v3_15fps\fall\lanza_heart_2.mp4,fall
dataset_MAGICfall_v3_15fps\fall\lanza_heart_3.mp4,fall
dataset_MAGICfall_v3_15fps\fall\lanza_laydown2_1.mp4,fall
dataset_MAGICfall_v3_15fps\fall\lanza_laydown2_2.mp4,fall
dataset_MAGICfall_v3_15fps\fall\lanza_laydown2_3.mp4,fall
dataset_MAGICfall_v3_15fps\fall\lanza_laydown_1.mp4,fall
dataset_MAGICfall_v3_15fps\fall\lanza_laydown_2.mp4,fall
dataset_MAGICfall_v3_15fps\fall\lanza_laydown_3.mp4,fall
dataset_MAGICfall_v3_15fps\fall\lanza_side.mp4,fall
dataset_MAGICfall_v3_15fps\fall\lanza_side_1.mp4,fall
dataset_MAGICfall_v3_15fps\fall\lanza_side_2.mp4,fall
dataset_MAGICfall_v3_15fps\fall\lanza_side_3.mp4,fall
dataset_MAGICfall_v3_15fps\fall\lanza_side_4.mp4,fall
dataset_MAGICfall_v3_15fps\fall\lanza_side_5.mp4,fall
dataset_MAGICfall_v3_15fps\fall\lanza_table2_1.mp4,fall
dataset_MAGICfall_v3_15fps\fall\lanza_table2_2.mp4,fall
dataset_MAGICfall_v3_15fps\fall\lanza_table2_3.mp4,fall
dataset_MAGICfall_v3_15fps\fall\lanza_table_1.mp4,fall
dataset_MAGICfall_v3_15fps\fall\lanza_table_2.mp4,fall
dataset_MAGICfall_v3_15fps\fall\lanza_table_3.mp4,fall
dataset_MAGICfall_v3_15fps\no_fall\iaia_drawer.mp4,nofall
dataset_MAGICfall_v3_15fps\no_fall\iaia_drawer_1.mp4,nofall
dataset_MAGICfall_v3_15fps\no_fall\iaia_drawer_2.mp4,nofall
dataset_MAGICfall_v3_15fps\no_fall\iaia_drawer_3.mp4,nofall
dataset_MAGICfall_v3_15fps\no_fall\iaia_drawer_4.mp4,nofall
dataset_MAGICfall_v3_15fps\no_fall\iaia_drawer_5.mp4,nofall
dataset_MAGICfall_v3_15fps\no_fall\iaia_pickup_6.mp4,nofall
dataset_MAGICfall_v3_15fps\no_fall\iaia_pick_up.mp4,nofall
dataset_MAGICfall_v3_15fps\no_fall\iaia_pick_up_1.mp4,nofall
dataset_MAGICfall_v3_15fps\no_fall\iaia_pick_up_10.mp4,nofall
dataset_MAGICfall_v3_15fps\no_fall\iaia_pick_up_11.mp4,nofall
dataset_MAGICfall_v3_15fps\no_fall\iaia_pick_up_2.mp4,nofall
dataset_MAGICfall_v3_15fps\no_fall\iaia_pick_up_3.mp4,nofall
dataset_MAGICfall_v3_15fps\no_fall\iaia_pick_up_4.mp4,nofall
dataset_MAGICfall_v3_15fps\no_fall\iaia_pick_up_5.mp4,nofall
dataset_MAGICfall_v3_15fps\no_fall\iaia_pick_up_6.mp4,nofall
dataset_MAGICfall_v3_15fps\no_fall\iaia_pick_up_7.mp4,nofall
dataset_MAGICfall_v3_15fps\no_fall\iaia_pick_up_8.mp4,nofall
dataset_MAGICfall_v3_15fps\no_fall\iaia_pick_up_9.mp4,nofall
dataset_MAGICfall_v3_15fps\no_fall\iaia_walk.mp4,nofall
dataset_MAGICfall_v3_15fps\no_fall\iaia_walk_1.mp4,nofall
dataset_MAGICfall_v3_15fps\no_fall\iaia_walk_2.mp4,nofall
dataset_MAGICfall_v3_15fps\no_fall\iaia_walk_3.mp4,nofall
dataset_MAGICfall_v3_15fps\no_fall\iaia_walk_4.mp4,nofall
dataset_MAGICfall_v3_15fps\no_fall\iaia_walk_5.mp4,nofall
dataset_MAGICfall_v3_15fps\no_fall\iaia_walk_6.mp4,nofall
dataset_MAGICfall_v3_15fps\no_fall\iaia_walk_7.mp4,nofall
dataset_MAGICfall_v3_15fps\no_fall\iaia_walk_8.mp4,nofall
dataset_MAGICfall_v3_15fps\no_fall\iaia_walk_9.mp4,nofall
dataset_MAGICfall_v3_15fps\no_fall\iaia_walk_pick_up_2.mp4,nofall
dataset_MAGICfall_v3_15fps\no_fall\iaia_walk_pick_up_3.mp4,nofall
dataset_MAGICfall_v3_15fps\no_fall\iaia_walk_pick_up_4.mp4,nofall
dataset_MAGICfall_v3_15fps\no_fall\iaia_walk_pick_up_5.mp4,nofall
dataset_MAGICfall_v3_15fps\no_fall\iaia_walk_pick_up_6.mp4,nofall
dataset_MAGICfall_v3_15fps\no_fall\laba_backpack.mp4,nofall
dataset_MAGICfall_v3_15fps\no_fall\laba_backpack_1.mp4,nofall
dataset_MAGICfall_v3_15fps\no_fall\laba_backpack_2.mp4,nofall
dataset_MAGICfall_v3_15fps\no_fall\laba_backpack_3.mp4,nofall
dataset_MAGICfall_v3_15fps\no_fall\laba_drawer.mp4,nofall
dataset_MAGICfall_v3_15fps\no_fall\laba_drawer_1.mp4,nofall
dataset_MAGICfall_v3_15fps\no_fall\laba_drawer_2.mp4,nofall
dataset_MAGICfall_v3_15fps\no_fall\laba_drawer_3.mp4,nofall
dataset_MAGICfall_v3_15fps\no_fall\laba_pickup.mp4,nofall
dataset_MAGICfall_v3_15fps\no_fall\laba_pickup_side.mp4,nofall
dataset_MAGICfall_v3_15fps\no_fall\laba_pick_up.mp4,nofall
dataset_MAGICfall_v3_15fps\no_fall\laba_pick_up_1.mp4,nofall
dataset_MAGICfall_v3_15fps\no_fall\laba_pick_up_2.mp4,nofall
dataset_MAGICfall_v3_15fps\no_fall\laba_pick_up_3.mp4,nofall
dataset_MAGICfall_v3_15fps\no_fall\laba_pick_up_4.mp4,nofall
dataset_MAGICfall_v3_15fps\no_fall\laba_pick_up_5.mp4,nofall
dataset_MAGICfall_v3_15fps\no_fall\laba_shoes.mp4,nofall
dataset_MAGICfall_v3_15fps\no_fall\laba_shoes_1.mp4,nofall
dataset_MAGICfall_v3_15fps\no_fall\laba_shoes_2.mp4,nofall
dataset_MAGICfall_v3_15fps\no_fall\laba_shoes_3.mp4,nofall
dataset_MAGICfall_v3_15fps\no_fall\laba_shoes_4.mp4,nofall
dataset_MAGICfall_v3_15fps\no_fall\laba_shoes_5.mp4,nofall
dataset_MAGICfall_v3_15fps\no_fall\laba_shoes_6.mp4,nofall
dataset_MAGICfall_v3_15fps\no_fall\lanza_walk.mp4,nofall
dataset_MAGICfall_v3_15fps\no_fall\lanza_walk_1.mp4,nofall
dataset_MAGICfall_v3_15fps\no_fall\lanza_walk_2.mp4,nofall
dataset_MAGICfall_v3_15fps\no_fall\lanza_walk_pick_up.mp4,nofall
dataset_MAGICfall_v3_15fps\no_fall\lanza_walk_pick_up_1.mp4,nofall
dataset_MAGICfall_v3_15fps\no_fall\lanza_walk_pick_up_2.mp4,nofall
dataset_MAGICfall_v3_15fps\no_fall\lanza_walk_pick_up_3.mp4,nofall
dataset_MAGICfall_v3_15fps\no_fall\lanza_walk_pick_up_4.mp4,nofall
dataset_MAGICfall_v3_15fps\no_fall\lanza_walk_pick_up_5.mp4,nofall
dataset_MAGICfall_v3_15fps\no_fall\spazzalaba.mp4,nofall
dataset_MAGICfall_v3_15fps\no_fall\spazzalaba_1.mp4,nofall
dataset_MAGICfall_v3_15fps\no_fall\spazzalaba_2.mp4,nofall
dataset_MAGICfall_v3_15fps\no_fall\spazzalaba_3.mp4,nofall
dataset_MAGICfall_v3_15fps\sit\couch_iaia_21.mp4,fall
dataset_MAGICfall_v3_15fps\sit\couch_iaia_23.mp4,fall
dataset_MAGICfall_v3_15fps\sit\couch_iaia_27.mp4,fall
dataset_MAGICfall_v3_15fps\sit\couch_iaia_28.mp4,fall
dataset_MAGICfall_v3_15fps\sit\couch_iaia_29.mp4,fall
dataset_MAGICfall_v3_15fps\sit\couch_iaia_39.mp4,fall
dataset_MAGICfall_v3_15fps\sit\couch_iaia_41.mp4,fall
dataset_MAGICfall_v3_15fps\sit\couch_laba_10.mp4,fall
dataset_MAGICfall_v3_15fps\sit\couch_laba_11.mp4,fall
dataset_MAGICfall_v3_15fps\sit\couch_laba_34.mp4,fall
dataset_MAGICfall_v3_15fps\sit\couch_laba_9.mp4,fall
dataset_MAGICfall_v3_15fps\sit\couch_lanza_12.mp4,fall
dataset_MAGICfall_v3_15fps\sit\couch_lanza_13.mp4,fall
dataset_MAGICfall_v3_15fps\sit\couch_lanza_14.mp4,fall
dataset_MAGICfall_v3_15fps\sit\couch_lanza_22.mp4,fall
dataset_MAGICfall_v3_15fps\sit\couch_lanza_36.mp4,fall
dataset_MAGICfall_v3_15fps\sit\couch_lanza_38.mp4,fall
dataset_MAGICfall_v3_15fps\sit\laba_sit.mp4,fall
dataset_MAGICfall_v3_15fps\sit\lanza_sit.mp4,fall
dataset_MAGICfall_v3_15fps\sit\lanza_sit_1.mp4,fall
dataset_MAGICfall_v3_15fps\sit\lanza_sit_2.mp4,fall
dataset_MAGICfall_v3_15fps\sit\lanza_sit_3.mp4,fall
dataset_MAGICfall_v3_15fps\sit\lanza_sit_4.mp4,fall
dataset_MAGICfall_v3_15fps\sit\sit_iaia_14.mp4,fall
dataset_MAGICfall_v3_15fps\sit\sit_iaia_15.mp4,fall
dataset_MAGICfall_v3_15fps\sit\sit_iaia_16.mp4,fall
dataset_MAGICfall_v3_15fps\sit\sit_iaia_17.mp4,fall
dataset_MAGICfall_v3_15fps\sit\sit_iaia_18.mp4,fall
dataset_MAGICfall_v3_15fps\sit\sit_iaia_19.mp4,fall
dataset_MAGICfall_v3_15fps\sit\sit_iaia_20.mp4,fall
dataset_MAGICfall_v3_15fps\sit\sit_iaia_21.mp4,fall
dataset_MAGICfall_v3_15fps\sit\sit_iaia_23.mp4,fall
dataset_MAGICfall_v3_15fps\sit\sit_iaia_31.mp4,fall
dataset_MAGICfall_v3_15fps\sit\sit_iaia_32.mp4,fall
dataset_MAGICfall_v3_15fps\sit\sit_iaia_34.mp4,fall
dataset_MAGICfall_v3_15fps\sit\sit_iaia_44.mp4,fall
dataset_MAGICfall_v3_15fps\sit\sit_iaia_45.mp4,fall
dataset_MAGICfall_v3_15fps\sit\sit_iaia_47.mp4,fall
dataset_MAGICfall_v3_15fps\sit\sit_laba.mp4,fall
dataset_MAGICfall_v3_15fps\sit\sit_laba_11.mp4,fall
dataset_MAGICfall_v3_15fps\sit\sit_laba_11_1.mp4,fall
dataset_MAGICfall_v3_15fps\sit\sit_laba_22.mp4,fall
dataset_MAGICfall_v3_15fps\sit\sit_laba_24.mp4,fall
dataset_MAGICfall_v3_15fps\sit\sit_laba_26.mp4,fall
dataset_MAGICfall_v3_15fps\sit\sit_laba_33.mp4,fall
dataset_MAGICfall_v3_15fps\sit\sit_laba_35.mp4,fall
dataset_MAGICfall_v3_15fps\sit\sit_laba_36.mp4,fall
dataset_MAGICfall_v3_15fps\sit\sit_laba_37.mp4,fall
dataset_MAGICfall_v3_15fps\sit\sit_laba_41.mp4,fall
dataset_MAGICfall_v3_15fps\sit\sit_laba_42.mp4,fall
dataset_MAGICfall_v3_15fps\sit\sit_lanza.mp4,fall
dataset_MAGICfall_v3_15fps\sit\sit_lanza_1.mp4,fall
dataset_MAGICfall_v3_15fps\sit\sit_lanza_10.mp4,fall
dataset_MAGICfall_v3_15fps\sit\sit_lanza_10_1.mp4,fall
dataset_MAGICfall_v3_15fps\sit\sit_lanza_12.mp4,fall
dataset_MAGICfall_v3_15fps\sit\sit_lanza_12_1.mp4,fall
dataset_MAGICfall_v3_15fps\sit\sit_lanza_13.mp4,fall
dataset_MAGICfall_v3_15fps\sit\sit_lanza_13_1.mp4,fall
dataset_MAGICfall_v3_15fps\sit\sit_lanza_2.mp4,fall
dataset_MAGICfall_v3_15fps\sit\sit_lanza_27.mp4,fall
dataset_MAGICfall_v3_15fps\sit\sit_lanza_27_1.mp4,fall
dataset_MAGICfall_v3_15fps\sit\sit_lanza_28.mp4,fall
dataset_MAGICfall_v3_15fps\sit\sit_lanza_29.mp4,fall
dataset_MAGICfall_v3_15fps\sit\sit_lanza_3.mp4,fall
dataset_MAGICfall_v3_15fps\sit\sit_lanza_30.mp4,fall
dataset_MAGICfall_v3_15fps\sit\sit_lanza_37.mp4,fall
dataset_MAGICfall_v3_15fps\sit\sit_lanza_37_1.mp4,fall
dataset_MAGICfall_v3_15fps\sit\sit_lanza_38.mp4,fall
dataset_MAGICfall_v3_15fps\sit\sit_lanza_38_1.mp4,fall
dataset_MAGICfall_v3_15fps\sit\sit_lanza_39.mp4,fall
dataset_MAGICfall_v3_15fps\sit\sit_lanza_4.mp4,fall
dataset_MAGICfall_v3_15fps\sit\sit_lanza_40.mp4,fall
dataset_MAGICfall_v3_15fps\sit\sit_lanza_40_1.mp4,fall
dataset_MAGICfall_v3_15fps\sit\sit_lanza_42.mp4,fall
dataset_MAGICfall_v3_15fps\sit\sit_lanza_43.mp4,fall
dataset_MAGICfall_v3_15fps\sit\sit_lanza_46.mp4,fall
dataset_MAGICfall_v3_15fps\sit\sit_lanza_6.mp4,fall
dataset_MAGICfall_v3_15fps\sit\sit_lanza_7.mp4,fall
dataset_MAGICfall_v3_15fps\sit\sit_lanza_8.mp4,fall
dataset_MAGICfall_v3_15fps\sit\sit_lanza_9.mp4,fall
dataset_MAGICFall_v4_RH_UC\no_fall\figio_walk_0.mp4,nofall
dataset_MAGICFall_v4_RH_UC\no_fall\figio_walk_1.mp4,nofall
dataset_MAGICFall_v4_RH_UC\no_fall\figio_walk_10.mp4,nofall
dataset_MAGICFall_v4_RH_UC\no_fall\figio_walk_2.mp4,nofall
dataset_MAGICFall_v4_RH_UC\no_fall\figio_walk_3.mp4,nofall
dataset_MAGICFall_v4_RH_UC\no_fall\figio_walk_4.mp4,nofall
dataset_MAGICFall_v4_RH_UC\no_fall\figio_walk_5.mp4,nofall
dataset_MAGICFall_v4_RH_UC\no_fall\figio_walk_6.mp4,nofall
dataset_MAGICFall_v4_RH_UC\no_fall\figio_walk_7.mp4,nofall
dataset_MAGICFall_v4_RH_UC\no_fall\figio_walk_8.mp4,nofall
dataset_MAGICFall_v4_RH_UC\no_fall\figio_walk_9.mp4,nofall
dataset_MAGICFall_v4_RH_UC\no_fall\greta_rh_walk_0.mp4,nofall
dataset_MAGICFall_v4_RH_UC\no_fall\greta_rh_walk_1.mp4,nofall
dataset_MAGICFall_v4_RH_UC\no_fall\greta_rh_walk_2.mp4,nofall
dataset_MAGICFall_v4_RH_UC\no_fall\greta_rh_walk_3.mp4,nofall
dataset_MAGICFall_v4_RH_UC\no_fall\greta_rh_walk_4.mp4,nofall
dataset_MAGICFall_v4_RH_UC\no_fall\greta_rh_walk_5.mp4,nofall
dataset_MAGICFall_v4_RH_UC\no_fall\iaia_walk_uc_0.mp4,nofall
dataset_MAGICFall_v4_RH_UC\no_fall\iaia_walk_uc_1.mp4,nofall
dataset_MAGICFall_v4_RH_UC\no_fall\iaia_walk_uc_2.mp4,nofall
dataset_MAGICFall_v4_RH_UC\no_fall\iaia_walk_uc_3.mp4,nofall
dataset_MAGICFall_v4_RH_UC\no_fall\iaia_walk_uc_4.mp4,nofall
dataset_MAGICFall_v4_RH_UC\no_fall\iaia_walk_uc_5.mp4,nofall
dataset_MAGICFall_v4_RH_UC\no_fall\iaia_walk_uc_6.mp4,nofall
dataset_MAGICFall_v4_RH_UC\no_fall\iaia_walk_uc_7.mp4,nofall
dataset_MAGICFall_v4_RH_UC\no_fall\iaia_walk_uc_8.mp4,nofall
dataset_MAGICFall_v4_RH_UC\no_fall\iaia_walk_uc_9.mp4,nofall
dataset_MAGICFall_v4_RH_UC\no_fall\laba_walk.mp4,nofall
dataset_MAGICFall_v4_RH_UC\no_fall\laba_walk_11.mp4,nofall
dataset_MAGICFall_v4_RH_UC\no_fall\laba_walk_13.mp4,nofall
dataset_MAGICFall_v4_RH_UC\no_fall\laba_walk_15.mp4,nofall
dataset_MAGICFall_v4_RH_UC\no_fall\laba_walk_16.mp4,nofall
dataset_MAGICFall_v4_RH_UC\no_fall\laba_walk_17.mp4,nofall
dataset_MAGICFall_v4_RH_UC\no_fall\lanza_rh_walk_0.mp4,nofall
dataset_MAGICFall_v4_RH_UC\no_fall\lanza_rh_walk_1.mp4,nofall
dataset_MAGICFall_v4_RH_UC\no_fall\lanza_rh_walk_10.mp4,nofall
dataset_MAGICFall_v4_RH_UC\no_fall\lanza_rh_walk_11.mp4,nofall
dataset_MAGICFall_v4_RH_UC\no_fall\lanza_rh_walk_12.mp4,nofall
dataset_MAGICFall_v4_RH_UC\no_fall\lanza_rh_walk_13.mp4,nofall
dataset_MAGICFall_v4_RH_UC\no_fall\lanza_rh_walk_14.mp4,nofall
dataset_MAGICFall_v4_RH_UC\no_fall\lanza_rh_walk_15.mp4,nofall
dataset_MAGICFall_v4_RH_UC\no_fall\lanza_rh_walk_16.mp4,nofall
dataset_MAGICFall_v4_RH_UC\no_fall\lanza_rh_walk_17.mp4,nofall
dataset_MAGICFall_v4_RH_UC\no_fall\lanza_rh_walk_18.mp4,nofall
dataset_MAGICFall_v4_RH_UC\no_fall\lanza_rh_walk_19.mp4,nofall
dataset_MAGICFall_v4_RH_UC\no_fall\lanza_rh_walk_2.mp4,nofall
dataset_MAGICFall_v4_RH_UC\no_fall\lanza_rh_walk_3.mp4,nofall
dataset_MAGICFall_v4_RH_UC\no_fall\lanza_rh_walk_4.mp4,nofall
dataset_MAGICFall_v4_RH_UC\no_fall\lanza_rh_walk_5.mp4,nofall
dataset_MAGICFall_v4_RH_UC\no_fall\lanza_rh_walk_6.mp4,nofall
dataset_MAGICFall_v4_RH_UC\no_fall\lanza_rh_walk_7.mp4,nofall
dataset_MAGICFall_v4_RH_UC\no_fall\lanza_rh_walk_8.mp4,nofall
dataset_MAGICFall_v4_RH_UC\no_fall\lanza_rh_walk_9.mp4,nofall
dataset_MAGICFall_v4_RH_UC\no_fall\mauri_no_fall_rh_0.mp4,nofall
dataset_MAGICFall_v4_RH_UC\no_fall\mauri_no_fall_rh_1.mp4,nofall
dataset_MAGICFall_v4_RH_UC\no_fall\mauri_no_fall_rh_2.mp4,nofall
dataset_MAGICFall_v4_RH_UC\no_fall\mauri_no_fall_rh_3.mp4,nofall
dataset_MAGICFall_v4_RH_UC\no_fall\mauri_no_fall_rh_4.mp4,nofall
dataset_MAGICFall_v4_RH_UC\no_fall\mauri_no_fall_rh_5.mp4,nofall
dataset_MAGICFall_v4_RH_UC\no_fall\mauri_no_fall_rh_6.mp4,nofall
dataset_MAGICFall_v4_RH_UC\no_fall\mauri_no_fall_rh_7.mp4,nofall
dataset_MAGICFall_v4_RH_UC\no_fall\mauri_no_fall_rh_8.mp4,nofall
dataset_MAGICFall_v4_RH_UC\no_fall\mauri_no_fall_rh_9.mp4,nofall
dataset_MAGICFall_v4_RH_UC\no_fall\mauri_no_fall_uc13.mp4,nofall
dataset_MAGICFall_v4_RH_UC\no_fall\mauri_no_fall_uc_0.mp4,nofall
dataset_MAGICFall_v4_RH_UC\no_fall\mauri_no_fall_uc_1.mp4,nofall
dataset_MAGICFall_v4_RH_UC\no_fall\mauri_no_fall_uc_10.mp4,nofall
dataset_MAGICFall_v4_RH_UC\no_fall\mauri_no_fall_uc_11.mp4,nofall
dataset_MAGICFall_v4_RH_UC\no_fall\mauri_no_fall_uc_12.mp4,nofall
dataset_MAGICFall_v4_RH_UC\no_fall\mauri_no_fall_uc_2.mp4,nofall
dataset_MAGICFall_v4_RH_UC\no_fall\mauri_no_fall_uc_3.mp4,nofall
dataset_MAGICFall_v4_RH_UC\no_fall\mauri_no_fall_uc_4.mp4,nofall
dataset_MAGICFall_v4_RH_UC\no_fall\mauri_no_fall_uc_5.mp4,nofall
dataset_MAGICFall_v4_RH_UC\no_fall\mauri_no_fall_uc_6.mp4,nofall
dataset_MAGICFall_v4_RH_UC\no_fall\mauri_no_fall_uc_7.mp4,nofall
dataset_MAGICFall_v4_RH_UC\no_fall\mauri_no_fall_uc_8.mp4,nofall
dataset_MAGICFall_v4_RH_UC\no_fall\mauri_no_fall_uc_9.mp4,nofall
dataset_MAGICFall_v4_RH_UC\sit\figio_rh_sit_0.mp4,fall
dataset_MAGICFall_v4_RH_UC\sit\figio_rh_sit_1.mp4,fall
dataset_MAGICFall_v4_RH_UC\sit\figio_rh_sit_2.mp4,fall
dataset_MAGICFall_v4_RH_UC\sit\figio_rh_sit_3.mp4,fall
dataset_MAGICFall_v4_RH_UC\sit\figio_rh_sit_4.mp4,fall
dataset_MAGICFall_v4_RH_UC\sit\figio_rh_sit_5.mp4,fall
dataset_MAGICFall_v4_RH_UC\sit\figio_rh_sit_6.mp4,fall
dataset_MAGICFall_v4_RH_UC\sit\greta_rh_p_sit_0.mp4,fall
dataset_MAGICFall_v4_RH_UC\sit\greta_rh_p_sit_1.mp4,fall
dataset_MAGICFall_v4_RH_UC\sit\greta_rh_p_sit_2.mp4,fall
dataset_MAGICFall_v4_RH_UC\sit\greta_rh_p_sit_3.mp4,fall
dataset_MAGICFall_v4_RH_UC\sit\greta_rh_p_sit_4.mp4,fall
dataset_MAGICFall_v4_RH_UC\sit\greta_rh_p_sit_5.mp4,fall
dataset_MAGICFall_v4_RH_UC\sit\iaia_rh_sit_17.mp4,fall
dataset_MAGICFall_v4_RH_UC\sit\iaia_rh_sit_18.mp4,fall
dataset_MAGICFall_v4_RH_UC\sit\iaia_rh_sit_19.mp4,fall
dataset_MAGICFall_v4_RH_UC\sit\iaia_rh_sit_20.mp4,fall
dataset_MAGICFall_v4_RH_UC\sit\iaia_rh_sit_21.mp4,fall
dataset_MAGICFall_v4_RH_UC\sit\iaia_rh_sit_22.mp4,fall
dataset_MAGICFall_v4_RH_UC\sit\iaia_rh_sit_23.mp4,fall
dataset_MAGICFall_v4_RH_UC\sit\iaia_rh_sit_24.mp4,fall
dataset_MAGICFall_v4_RH_UC\sit\iaia_rh_sit_25.mp4,fall
dataset_MAGICFall_v4_RH_UC\sit\iaia_rh_sit_26.mp4,fall
dataset_MAGICFall_v4_RH_UC\sit\iaia_rh_sit_27.mp4,fall
dataset_MAGICFall_v4_RH_UC\sit\iaia_rh_sit_28.mp4,fall
dataset_MAGICFall_v4_RH_UC\sit\iaia_rh_sit_29.mp4,fall
dataset_MAGICFall_v4_RH_UC\sit\iaia_rh_sit_30.mp4,fall
dataset_MAGICFall_v4_RH_UC\sit\iaia_rh_sit_31.mp4,fall
dataset_MAGICFall_v4_RH_UC\sit\iaia_rh_sit_32.mp4,fall
dataset_MAGICFall_v4_RH_UC\sit\iaia_rh_sit_33.mp4,fall
dataset_MAGICFall_v4_RH_UC\sit\iaia_rh_sit_34.mp4,fall
dataset_MAGICFall_v4_RH_UC\sit\iaia_rh_sit_35.mp4,fall
dataset_MAGICFall_v4_RH_UC\sit\iaia_rh_sit_36.mp4,fall
dataset_MAGICFall_v4_RH_UC\sit\iaia_rh_sit_37.mp4,fall
dataset_MAGICFall_v4_RH_UC\sit\iaia_rh_sit_38.mp4,fall
dataset_MAGICFall_v4_RH_UC\sit\iaia_rh_sit_39.mp4,fall
dataset_MAGICFall_v4_RH_UC\sit\iaia_rh_sit_40.mp4,fall
dataset_MAGICFall_v4_RH_UC\sit\iaia_rh_sit_41.mp4,fall
dataset_MAGICFall_v4_RH_UC\sit\iaia_rh_sit_42.mp4,fall
dataset_MAGICFall_v4_RH_UC\sit\laba_rh_sit_0.mp4,fall
dataset_MAGICFall_v4_RH_UC\sit\lanza_rh_sit_0.mp4,fall
dataset_MAGICFall_v4_RH_UC\sit\lanza_rh_sit_1.mp4,fall
dataset_MAGICFall_v4_RH_UC\sit\lanza_rh_sit_2.mp4,fall
dataset_MAGICFall_v4_RH_UC\sit\mauri_sit_rh_0.mp4,fall
dataset_MAGICFall_v4_RH_UC\sit\mauri_sit_rh_1.mp4,fall
dataset_MAGICFall_v4_RH_UC\sit\mauri_sit_rh_2.mp4,fall
dataset_MAGICFall_v4_RH_UC\sit\mauri_sit_rh_3.mp4,fall
dataset_MAGICFall_v4_RH_UC\sit\mauri_sit_rh_4.mp4,fall
dataset_MAGICFall_v4_RH_UC\sit\mauri_sit_rh_5.mp4,fall
dataset_MAGICFall_v5_rh_sit\fall\laba_fall_0.mp4,fall
dataset_MAGICFall_v5_rh_sit\fall\laba_fall_1.mp4,fall
dataset_MAGICFall_v5_rh_sit\fall\laba_fall_2.mp4,fall
dataset_MAGICFall_v5_rh_sit\fall\laba_fall_3.mp4,fall
dataset_MAGICFall_v5_rh_sit\fall\laba_fall_4.mp4,fall
dataset_MAGICFall_v5_rh_sit\fall\laba_fall_5.mp4,fall
dataset_MAGICFall_v5_rh_sit\fall\laba_fall_6.mp4,fall
dataset_MAGICFall_v5_rh_sit\fall\laba_fall_7.mp4,fall
dataset_MAGICFall_v5_rh_sit\fall\laba_fall_8.mp4,fall
dataset_MAGICFall_v5_rh_sit\fall\laba_slow_fall_0.mp4,fall
dataset_MAGICFall_v5_rh_sit\fall\laba_slow_fall_1.mp4,fall
dataset_MAGICFall_v5_rh_sit\no_fall\figio_pick_walk_0.mp4,nofall
dataset_MAGICFall_v5_rh_sit\no_fall\figio_pick_walk_1.mp4,nofall
dataset_MAGICFall_v5_rh_sit\no_fall\figio_pick_walk_2.mp4,nofall
dataset_MAGICFall_v5_rh_sit\no_fall\figio_rh_walk_10.mp4,nofall
dataset_MAGICFall_v5_rh_sit\no_fall\figio_rh_walk_11.mp4,nofall
dataset_MAGICFall_v5_rh_sit\no_fall\figio_rh_walk_12.mp4,nofall
dataset_MAGICFall_v5_rh_sit\no_fall\figio_rh_walk_3.mp4,nofall
dataset_MAGICFall_v5_rh_sit\no_fall\figio_rh_walk_4.mp4,nofall
dataset_MAGICFall_v5_rh_sit\no_fall\figio_rh_walk_5.mp4,nofall
dataset_MAGICFall_v5_rh_sit\no_fall\figio_rh_walk_6.mp4,nofall
dataset_MAGICFall_v5_rh_sit\no_fall\figio_rh_walk_7.mp4,nofall
dataset_MAGICFall_v5_rh_sit\no_fall\figio_rh_walk_8.mp4,nofall
dataset_MAGICFall_v5_rh_sit\no_fall\figio_rh_walk_9.mp4,nofall
dataset_MAGICFall_v5_rh_sit\no_fall\iaia_pick_walk_11.mp4,nofall
dataset_MAGICFall_v5_rh_sit\no_fall\iaia_pick_walk_12.mp4,nofall
dataset_MAGICFall_v5_rh_sit\no_fall\iaia_pick_walk_13.mp4,nofall
dataset_MAGICFall_v5_rh_sit\no_fall\iaia_pick_walk_14.mp4,nofall
dataset_MAGICFall_v5_rh_sit\no_fall\iaia_pick_walk_15.mp4,nofall
dataset_MAGICFall_v5_rh_sit\no_fall\iaia_pick_walk_16.mp4,nofall
dataset_MAGICFall_v5_rh_sit\no_fall\iaia_pick_walk_17.mp4,nofall
dataset_MAGICFall_v5_rh_sit\no_fall\iaia_pick_walk_18.mp4,nofall
dataset_MAGICFall_v5_rh_sit\no_fall\iaia_pick_walk_19.mp4,nofall
dataset_MAGICFall_v5_rh_sit\no_fall\iaia_pick_walk_20.mp4,nofall
dataset_MAGICFall_v5_rh_sit\no_fall\iaia_pick_walk_21.mp4,nofall
dataset_MAGICFall_v5_rh_sit\no_fall\iaia_pick_walk_22.mp4,nofall
dataset_MAGICFall_v5_rh_sit\no_fall\iaia_pick_walk_23.mp4,nofall
dataset_MAGICFall_v5_rh_sit\no_fall\iaia_pick_walk_24.mp4,nofall
dataset_MAGICFall_v5_rh_sit\no_fall\iaia_pick_walk_25.mp4,nofall
dataset_MAGICFall_v5_rh_sit\no_fall\iaia_pick_walk_26.mp4,nofall
dataset_MAGICFall_v5_rh_sit\no_fall\iaia_pick_walk_27.mp4,nofall
dataset_MAGICFall_v5_rh_sit\no_fall\iaia_pick_walk_28.mp4,nofall
dataset_MAGICFall_v5_rh_sit\no_fall\iaia_pick_walk_29.mp4,nofall
dataset_MAGICFall_v5_rh_sit\no_fall\iaia_pick_walk_30.mp4,nofall
dataset_MAGICFall_v5_rh_sit\no_fall\iaia_pick_walk_31.mp4,nofall
dataset_MAGICFall_v5_rh_sit\no_fall\iaia_pick_walk_32.mp4,nofall
dataset_MAGICFall_v5_rh_sit\no_fall\iaia_rh_walk_0.mp4,nofall
dataset_MAGICFall_v5_rh_sit\no_fall\iaia_rh_walk_1.mp4,nofall
dataset_MAGICFall_v5_rh_sit\no_fall\iaia_rh_walk_10.mp4,nofall
dataset_MAGICFall_v5_rh_sit\no_fall\iaia_rh_walk_2.mp4,nofall
dataset_MAGICFall_v5_rh_sit\no_fall\iaia_rh_walk_3.mp4,nofall
dataset_MAGICFall_v5_rh_sit\no_fall\iaia_rh_walk_33.mp4,nofall
dataset_MAGICFall_v5_rh_sit\no_fall\iaia_rh_walk_34.mp4,nofall
dataset_MAGICFall_v5_rh_sit\no_fall\iaia_rh_walk_35.mp4,nofall
dataset_MAGICFall_v5_rh_sit\no_fall\iaia_rh_walk_36.mp4,nofall
dataset_MAGICFall_v5_rh_sit\no_fall\iaia_rh_walk_37.mp4,nofall
dataset_MAGICFall_v5_rh_sit\no_fall\iaia_rh_walk_38.mp4,nofall
dataset_MAGICFall_v5_rh_sit\no_fall\iaia_rh_walk_39.mp4,nofall
dataset_MAGICFall_v5_rh_sit\no_fall\iaia_rh_walk_4.mp4,nofall
dataset_MAGICFall_v5_rh_sit\no_fall\iaia_rh_walk_40.mp4,nofall
dataset_MAGICFall_v5_rh_sit\no_fall\iaia_rh_walk_41.mp4,nofall
dataset_MAGICFall_v5_rh_sit\no_fall\iaia_rh_walk_42.mp4,nofall
dataset_MAGICFall_v5_rh_sit\no_fall\iaia_rh_walk_43.mp4,nofall
dataset_MAGICFall_v5_rh_sit\no_fall\iaia_rh_walk_5.mp4,nofall
dataset_MAGICFall_v5_rh_sit\no_fall\iaia_rh_walk_6.mp4,nofall
dataset_MAGICFall_v5_rh_sit\no_fall\iaia_rh_walk_7.mp4,nofall
dataset_MAGICFall_v5_rh_sit\no_fall\iaia_rh_walk_8.mp4,nofall
dataset_MAGICFall_v5_rh_sit\no_fall\iaia_rh_walk_9.mp4,nofall
dataset_MAGICFall_v5_rh_sit\no_fall\laba_pick_walk_0.mp4,nofall
dataset_MAGICFall_v5_rh_sit\no_fall\laba_pick_walk_12.mp4,nofall
dataset_MAGICFall_v5_rh_sit\no_fall\laba_pick_walk_13.mp4,nofall
dataset_MAGICFall_v5_rh_sit\no_fall\laba_pick_walk_14.mp4,nofall
dataset_MAGICFall_v5_rh_sit\no_fall\laba_pick_walk_17.mp4,nofall
dataset_MAGICFall_v5_rh_sit\no_fall\laba_pick_walk_18.mp4,nofall
dataset_MAGICFall_v5_rh_sit\no_fall\laba_pick_walk_19.mp4,nofall
dataset_MAGICFall_v5_rh_sit\no_fall\laba_pick_walk_2.mp4,nofall
dataset_MAGICFall_v5_rh_sit\no_fall\laba_pick_walk_20.mp4,nofall
dataset_MAGICFall_v5_rh_sit\no_fall\laba_pick_walk_3.mp4,nofall
dataset_MAGICFall_v5_rh_sit\no_fall\laba_pick_walk_30.mp4,nofall
dataset_MAGICFall_v5_rh_sit\no_fall\laba_pick_walk_33.mp4,nofall
dataset_MAGICFall_v5_rh_sit\no_fall\laba_pick_walk_34.mp4,nofall
dataset_MAGICFall_v5_rh_sit\no_fall\laba_pick_walk_35.mp4,nofall
dataset_MAGICFall_v5_rh_sit\no_fall\laba_pick_walk_37.mp4,nofall
dataset_MAGICFall_v5_rh_sit\no_fall\laba_pick_walk_38.mp4,nofall
dataset_MAGICFall_v5_rh_sit\no_fall\laba_pick_walk_39.mp4,nofall
dataset_MAGICFall_v5_rh_sit\no_fall\laba_pick_walk_40.mp4,nofall
dataset_MAGICFall_v5_rh_sit\no_fall\laba_pick_walk_45.mp4,nofall
dataset_MAGICFall_v5_rh_sit\no_fall\laba_pick_walk_6.mp4,nofall
dataset_MAGICFall_v5_rh_sit\no_fall\laba_pick_walk_8.mp4,nofall
dataset_MAGICFall_v5_rh_sit\no_fall\laba_rh_walk_1.mp4,nofall
dataset_MAGICFall_v5_rh_sit\no_fall\laba_rh_walk_10.mp4,nofall
dataset_MAGICFall_v5_rh_sit\no_fall\laba_rh_walk_11.mp4,nofall
dataset_MAGICFall_v5_rh_sit\no_fall\laba_rh_walk_21.mp4,nofall
dataset_MAGICFall_v5_rh_sit\no_fall\laba_rh_walk_22.mp4,nofall
dataset_MAGICFall_v5_rh_sit\no_fall\laba_rh_walk_23.mp4,nofall
dataset_MAGICFall_v5_rh_sit\no_fall\laba_rh_walk_24.mp4,nofall
dataset_MAGICFall_v5_rh_sit\no_fall\laba_rh_walk_25.mp4,nofall
dataset_MAGICFall_v5_rh_sit\no_fall\laba_rh_walk_26.mp4,nofall
dataset_MAGICFall_v5_rh_sit\no_fall\laba_rh_walk_27.mp4,nofall
dataset_MAGICFall_v5_rh_sit\no_fall\laba_rh_walk_28.mp4,nofall
dataset_MAGICFall_v5_rh_sit\no_fall\laba_rh_walk_29.mp4,nofall
dataset_MAGICFall_v5_rh_sit\no_fall\laba_rh_walk_31.mp4,nofall
dataset_MAGICFall_v5_rh_sit\no_fall\laba_rh_walk_32.mp4,nofall
dataset_MAGICFall_v5_rh_sit\no_fall\laba_rh_walk_36.mp4,nofall
dataset_MAGICFall_v5_rh_sit\no_fall\laba_rh_walk_4.mp4,nofall
dataset_MAGICFall_v5_rh_sit\no_fall\laba_rh_walk_41.mp4,nofall
dataset_MAGICFall_v5_rh_sit\no_fall\laba_rh_walk_42.mp4,nofall
dataset_MAGICFall_v5_rh_sit\no_fall\laba_rh_walk_44.mp4,nofall
dataset_MAGICFall_v5_rh_sit\no_fall\laba_rh_walk_5.mp4,nofall
dataset_MAGICFall_v5_rh_sit\no_fall\laba_rh_walk_7.mp4,nofall
dataset_MAGICFall_v5_rh_sit\no_fall\laba_rh_walk_9.mp4,nofall
dataset_MAGICFall_v5_rh_sit\no_fall\laba_walk_15.mp4,nofall
dataset_MAGICFall_v5_rh_sit\no_fall\laba_walk_16.mp4,nofall
dataset_MAGICFall_v5_rh_sit\no_fall\lanza_pick_walk_12.mp4,nofall
dataset_MAGICFall_v5_rh_sit\no_fall\lanza_pick_walk_13.mp4,nofall
dataset_MAGICFall_v5_rh_sit\no_fall\lanza_pick_walk_14.mp4,nofall
dataset_MAGICFall_v5_rh_sit\no_fall\lanza_pick_walk_15.mp4,nofall
dataset_MAGICFall_v5_rh_sit\no_fall\lanza_pick_walk_16.mp4,nofall
dataset_MAGICFall_v5_rh_sit\no_fall\lanza_pick_walk_17.mp4,nofall
dataset_MAGICFall_v5_rh_sit\no_fall\lanza_pick_walk_18.mp4,nofall
dataset_MAGICFall_v5_rh_sit\no_fall\lanza_pick_walk_19.mp4,nofall
dataset_MAGICFall_v5_rh_sit\no_fall\lanza_pick_walk_20.mp4,nofall
dataset_MAGICFall_v5_rh_sit\no_fall\lanza_pick_walk_21.mp4,nofall
dataset_MAGICFall_v5_rh_sit\no_fall\lanza_pick_walk_22.mp4,nofall
dataset_MAGICFall_v5_rh_sit\no_fall\lanza_pick_walk_23.mp4,nofall
dataset_MAGICFall_v5_rh_sit\no_fall\lanza_pick_walk_24.mp4,nofall
dataset_MAGICFall_v5_rh_sit\no_fall\lanza_pick_walk_25.mp4,nofall
dataset_MAGICFall_v5_rh_sit\no_fall\lanza_rh_walk_0.mp4,nofall
dataset_MAGICFall_v5_rh_sit\no_fall\lanza_rh_walk_1.mp4,nofall
dataset_MAGICFall_v5_rh_sit\no_fall\lanza_rh_walk_10.mp4,nofall
dataset_MAGICFall_v5_rh_sit\no_fall\lanza_rh_walk_11.mp4,nofall
dataset_MAGICFall_v5_rh_sit\no_fall\lanza_rh_walk_2.mp4,nofall
dataset_MAGICFall_v5_rh_sit\no_fall\lanza_rh_walk_3.mp4,nofall
dataset_MAGICFall_v5_rh_sit\no_fall\lanza_rh_walk_4.mp4,nofall
dataset_MAGICFall_v5_rh_sit\no_fall\lanza_rh_walk_5.mp4,nofall
dataset_MAGICFall_v5_rh_sit\no_fall\lanza_rh_walk_6.mp4,nofall
dataset_MAGICFall_v5_rh_sit\no_fall\lanza_rh_walk_7.mp4,nofall
dataset_MAGICFall_v5_rh_sit\no_fall\lanza_rh_walk_8.mp4,nofall
dataset_MAGICFall_v5_rh_sit\no_fall\lanza_rh_walk_9.mp4,nofall
dataset_MAGICFall_v5_rh_sit\no_fall\mandre_pick_walk_0.mp4,nofall
dataset_MAGICFall_v5_rh_sit\no_fall\mandre_pick_walk_1.mp4,nofall
dataset_MAGICFall_v5_rh_sit\no_fall\mandre_pick_walk_2.mp4,nofall
dataset_MAGICFall_v5_rh_sit\no_fall\mandre_pick_walk_3.mp4,nofall
dataset_MAGICFall_v5_rh_sit\no_fall\mandre_pick_walk_4.mp4,nofall
dataset_MAGICFall_v5_rh_sit\no_fall\mandre_pick_walk_5.mp4,nofall
dataset_MAGICFall_v5_rh_sit\no_fall\mandre_pick_walk_6.mp4,nofall
dataset_MAGICFall_v5_rh_sit\no_fall\mandre_pick_walk_7.mp4,nofall
dataset_MAGICFall_v5_rh_sit\no_fall\mandre_pick_walk_8.mp4,nofall
dataset_MAGICFall_v5_rh_sit\no_fall\mandre_pick_walk_9.mp4,nofall
dataset_MAGICFall_v5_rh_sit\no_fall\mandre_rh_walk_10.mp4,nofall
dataset_MAGICFall_v5_rh_sit\no_fall\mauri_pick_up_0.mp4,nofall
dataset_MAGICFall_v5_rh_sit\no_fall\mauri_pick_up_1.mp4,nofall
dataset_MAGICFall_v5_rh_sit\no_fall\mauri_pick_up_10.mp4,nofall
dataset_MAGICFall_v5_rh_sit\no_fall\mauri_pick_up_2.mp4,nofall
dataset_MAGICFall_v5_rh_sit\no_fall\mauri_pick_up_3.mp4,nofall
dataset_MAGICFall_v5_rh_sit\no_fall\mauri_pick_up_4.mp4,nofall
dataset_MAGICFall_v5_rh_sit\no_fall\mauri_pick_up_5.mp4,nofall
dataset_MAGICFall_v5_rh_sit\no_fall\mauri_pick_up_6.mp4,nofall
dataset_MAGICFall_v5_rh_sit\no_fall\mauri_pick_up_7.mp4,nofall
dataset_MAGICFall_v5_rh_sit\no_fall\mauri_pick_up_8.mp4,nofall
dataset_MAGICFall_v5_rh_sit\no_fall\mauri_pick_up_9.mp4,nofall
dataset_MAGICFall_v5_rh_sit\no_fall\mauri_rh_0.mp4,nofall
dataset_MAGICFall_v5_rh_sit\no_fall\mauri_rh_1.mp4,nofall
dataset_MAGICFall_v5_rh_sit\no_fall\mauri_rh_10.mp4,nofall
dataset_MAGICFall_v5_rh_sit\no_fall\mauri_rh_2.mp4,nofall
dataset_MAGICFall_v5_rh_sit\no_fall\mauri_rh_3.mp4,nofall
dataset_MAGICFall_v5_rh_sit\no_fall\mauri_rh_4.mp4,nofall
dataset_MAGICFall_v5_rh_sit\no_fall\mauri_rh_5.mp4,nofall
dataset_MAGICFall_v5_rh_sit\no_fall\mauri_rh_6.mp4,nofall
dataset_MAGICFall_v5_rh_sit\no_fall\mauri_rh_7.mp4,nofall
dataset_MAGICFall_v5_rh_sit\no_fall\mauri_rh_8.mp4,nofall
dataset_MAGICFall_v5_rh_sit\no_fall\mauri_rh_9.mp4,nofall
dataset_MAGICFall_v5_rh_sit\sit\figio_rh_sit_10.mp4,fall
dataset_MAGICFall_v5_rh_sit\sit\figio_rh_sit_11.mp4,fall
dataset_MAGICFall_v5_rh_sit\sit\figio_rh_sit_3.mp4,fall
dataset_MAGICFall_v5_rh_sit\sit\figio_rh_sit_4.mp4,fall
dataset_MAGICFall_v5_rh_sit\sit\figio_rh_sit_5.mp4,fall
dataset_MAGICFall_v5_rh_sit\sit\figio_rh_sit_9.mp4,fall
dataset_MAGICFall_v5_rh_sit\sit\figio_sit_0.mp4,fall
dataset_MAGICFall_v5_rh_sit\sit\figio_sit_1.mp4,fall
dataset_MAGICFall_v5_rh_sit\sit\figio_sit_2.mp4,fall
dataset_MAGICFall_v5_rh_sit\sit\figio_sit_6.mp4,fall
dataset_MAGICFall_v5_rh_sit\sit\figio_sit_7.mp4,fall
dataset_MAGICFall_v5_rh_sit\sit\figio_sit_8.mp4,fall
dataset_MAGICFall_v5_rh_sit\sit\iaia_rh_sit_0.mp4,fall
dataset_MAGICFall_v5_rh_sit\sit\iaia_rh_sit_1.mp4,fall
dataset_MAGICFall_v5_rh_sit\sit\iaia_rh_sit_10.mp4,fall
dataset_MAGICFall_v5_rh_sit\sit\iaia_rh_sit_2.mp4,fall
dataset_MAGICFall_v5_rh_sit\sit\iaia_rh_sit_22.mp4,fall
dataset_MAGICFall_v5_rh_sit\sit\iaia_rh_sit_23.mp4,fall
dataset_MAGICFall_v5_rh_sit\sit\iaia_rh_sit_24.mp4,fall
dataset_MAGICFall_v5_rh_sit\sit\iaia_rh_sit_25.mp4,fall
dataset_MAGICFall_v5_rh_sit\sit\iaia_rh_sit_26.mp4,fall
dataset_MAGICFall_v5_rh_sit\sit\iaia_rh_sit_27.mp4,fall
dataset_MAGICFall_v5_rh_sit\sit\iaia_rh_sit_28.mp4,fall
dataset_MAGICFall_v5_rh_sit\sit\iaia_rh_sit_29.mp4,fall
dataset_MAGICFall_v5_rh_sit\sit\iaia_rh_sit_3.mp4,fall
dataset_MAGICFall_v5_rh_sit\sit\iaia_rh_sit_30.mp4,fall
dataset_MAGICFall_v5_rh_sit\sit\iaia_rh_sit_31.mp4,fall
dataset_MAGICFall_v5_rh_sit\sit\iaia_rh_sit_32.mp4,fall
dataset_MAGICFall_v5_rh_sit\sit\iaia_rh_sit_4.mp4,fall
dataset_MAGICFall_v5_rh_sit\sit\iaia_rh_sit_5.mp4,fall
dataset_MAGICFall_v5_rh_sit\sit\iaia_rh_sit_6.mp4,fall
dataset_MAGICFall_v5_rh_sit\sit\iaia_rh_sit_7.mp4,fall
dataset_MAGICFall_v5_rh_sit\sit\iaia_rh_sit_8.mp4,fall
dataset_MAGICFall_v5_rh_sit\sit\iaia_rh_sit_9.mp4,fall
dataset_MAGICFall_v5_rh_sit\sit\iaia_sit_11.mp4,fall
dataset_MAGICFall_v5_rh_sit\sit\iaia_sit_12.mp4,fall
dataset_MAGICFall_v5_rh_sit\sit\iaia_sit_13.mp4,fall
dataset_MAGICFall_v5_rh_sit\sit\iaia_sit_14.mp4,fall
dataset_MAGICFall_v5_rh_sit\sit\iaia_sit_15.mp4,fall
dataset_MAGICFall_v5_rh_sit\sit\iaia_sit_16.mp4,fall
dataset_MAGICFall_v5_rh_sit\sit\iaia_sit_17.mp4,fall
dataset_MAGICFall_v5_rh_sit\sit\iaia_sit_18.mp4,fall
dataset_MAGICFall_v5_rh_sit\sit\iaia_sit_19.mp4,fall
dataset_MAGICFall_v5_rh_sit\sit\iaia_sit_20.mp4,fall
dataset_MAGICFall_v5_rh_sit\sit\iaia_sit_21.mp4,fall
dataset_MAGICFall_v5_rh_sit\sit\iaia_sit_33.mp4,fall
dataset_MAGICFall_v5_rh_sit\sit\iaia_sit_34.mp4,fall
dataset_MAGICFall_v5_rh_sit\sit\iaia_sit_35.mp4,fall
dataset_MAGICFall_v5_rh_sit\sit\iaia_sit_36.mp4,fall
dataset_MAGICFall_v5_rh_sit\sit\iaia_sit_37.mp4,fall
dataset_MAGICFall_v5_rh_sit\sit\iaia_sit_38.mp4,fall
dataset_MAGICFall_v5_rh_sit\sit\iaia_sit_39.mp4,fall
dataset_MAGICFall_v5_rh_sit\sit\iaia_sit_40.mp4,fall
dataset_MAGICFall_v5_rh_sit\sit\iaia_sit_41.mp4,fall
dataset_MAGICFall_v5_rh_sit\sit\iaia_sit_42.mp4,fall
dataset_MAGICFall_v5_rh_sit\sit\laba_rh_sit_0.mp4,fall
dataset_MAGICFall_v5_rh_sit\sit\laba_rh_sit_1.mp4,fall
dataset_MAGICFall_v5_rh_sit\sit\laba_rh_sit_10.mp4,fall
dataset_MAGICFall_v5_rh_sit\sit\laba_rh_sit_13.mp4,fall
dataset_MAGICFall_v5_rh_sit\sit\laba_rh_sit_3.mp4,fall
dataset_MAGICFall_v5_rh_sit\sit\laba_rh_sit_5.mp4,fall
dataset_MAGICFall_v5_rh_sit\sit\laba_rh_sit_6.mp4,fall
dataset_MAGICFall_v5_rh_sit\sit\laba_sit_11.mp4,fall
dataset_MAGICFall_v5_rh_sit\sit\laba_sit_12.mp4,fall
dataset_MAGICFall_v5_rh_sit\sit\laba_sit_13.mp4,fall
dataset_MAGICFall_v5_rh_sit\sit\laba_sit_2.mp4,fall
dataset_MAGICFall_v5_rh_sit\sit\laba_sit_4.mp4,fall
dataset_MAGICFall_v5_rh_sit\sit\laba_sit_7.mp4,fall
dataset_MAGICFall_v5_rh_sit\sit\laba_sit_8.mp4,fall
dataset_MAGICFall_v5_rh_sit\sit\laba_sit_9.mp4,fall
dataset_MAGICFall_v5_rh_sit\sit\lanza_rh_sit_15.mp4,fall
dataset_MAGICFall_v5_rh_sit\sit\lanza_rh_sit_16.mp4,fall
dataset_MAGICFall_v5_rh_sit\sit\lanza_sit_0.mp4,fall
dataset_MAGICFall_v5_rh_sit\sit\lanza_sit_1.mp4,fall
dataset_MAGICFall_v5_rh_sit\sit\lanza_sit_10.mp4,fall
dataset_MAGICFall_v5_rh_sit\sit\lanza_sit_11.mp4,fall
dataset_MAGICFall_v5_rh_sit\sit\lanza_sit_12.mp4,fall
dataset_MAGICFall_v5_rh_sit\sit\lanza_sit_13.mp4,fall
dataset_MAGICFall_v5_rh_sit\sit\lanza_sit_14.mp4,fall
dataset_MAGICFall_v5_rh_sit\sit\lanza_sit_17.mp4,fall
dataset_MAGICFall_v5_rh_sit\sit\lanza_sit_18.mp4,fall
dataset_MAGICFall_v5_rh_sit\sit\lanza_sit_19.mp4,fall
dataset_MAGICFall_v5_rh_sit\sit\lanza_sit_2.mp4,fall
dataset_MAGICFall_v5_rh_sit\sit\lanza_sit_20.mp4,fall
dataset_MAGICFall_v5_rh_sit\sit\lanza_sit_21.mp4,fall
dataset_MAGICFall_v5_rh_sit\sit\lanza_sit_22.mp4,fall
dataset_MAGICFall_v5_rh_sit\sit\lanza_sit_23.mp4,fall
dataset_MAGICFall_v5_rh_sit\sit\lanza_sit_24.mp4,fall
dataset_MAGICFall_v5_rh_sit\sit\lanza_sit_25.mp4,fall
dataset_MAGICFall_v5_rh_sit\sit\lanza_sit_26.mp4,fall
dataset_MAGICFall_v5_rh_sit\sit\lanza_sit_27.mp4,fall
dataset_MAGICFall_v5_rh_sit\sit\lanza_sit_28.mp4,fall
dataset_MAGICFall_v5_rh_sit\sit\lanza_sit_29.mp4,fall
dataset_MAGICFall_v5_rh_sit\sit\lanza_sit_3.mp4,fall
dataset_MAGICFall_v5_rh_sit\sit\lanza_sit_30.mp4,fall
dataset_MAGICFall_v5_rh_sit\sit\lanza_sit_4.mp4,fall
dataset_MAGICFall_v5_rh_sit\sit\lanza_sit_5.mp4,fall
dataset_MAGICFall_v5_rh_sit\sit\lanza_sit_6.mp4,fall
dataset_MAGICFall_v5_rh_sit\sit\lanza_sit_7.mp4,fall
dataset_MAGICFall_v5_rh_sit\sit\lanza_sit_8.mp4,fall
dataset_MAGICFall_v5_rh_sit\sit\lanza_sit_9.mp4,fall
dataset_MAGICFall_v5_rh_sit\sit\mandre_rh_sit_11.mp4,fall
dataset_MAGICFall_v5_rh_sit\sit\mandre_rh_sit_20.mp4,fall
dataset_MAGICFall_v5_rh_sit\sit\mandre_rh_sit_21.mp4,fall
dataset_MAGICFall_v5_rh_sit\sit\mandre_rh_sit_22.mp4,fall
dataset_MAGICFall_v5_rh_sit\sit\mandre_rh_sit_23.mp4,fall
dataset_MAGICFall_v5_rh_sit\sit\mandre_rh_sit_24.mp4,fall
dataset_MAGICFall_v5_rh_sit\sit\mandre_sit_0.mp4,fall
dataset_MAGICFall_v5_rh_sit\sit\mandre_sit_1.mp4,fall
dataset_MAGICFall_v5_rh_sit\sit\mandre_sit_10.mp4,fall
dataset_MAGICFall_v5_rh_sit\sit\mandre_sit_11.mp4,fall
dataset_MAGICFall_v5_rh_sit\sit\mandre_sit_12.mp4,fall
dataset_MAGICFall_v5_rh_sit\sit\mandre_sit_13.mp4,fall
dataset_MAGICFall_v5_rh_sit\sit\mandre_sit_14.mp4,fall
dataset_MAGICFall_v5_rh_sit\sit\mandre_sit_15.mp4,fall
dataset_MAGICFall_v5_rh_sit\sit\mandre_sit_16.mp4,fall
dataset_MAGICFall_v5_rh_sit\sit\mandre_sit_17.mp4,fall
dataset_MAGICFall_v5_rh_sit\sit\mandre_sit_18.mp4,fall
dataset_MAGICFall_v5_rh_sit\sit\mandre_sit_19.mp4,fall
dataset_MAGICFall_v5_rh_sit\sit\mandre_sit_2.mp4,fall
dataset_MAGICFall_v5_rh_sit\sit\mandre_sit_3.mp4,fall
dataset_MAGICFall_v5_rh_sit\sit\mandre_sit_4.mp4,fall
dataset_MAGICFall_v5_rh_sit\sit\mandre_sit_5.mp4,fall
dataset_MAGICFall_v5_rh_sit\sit\mandre_sit_6.mp4,fall
dataset_MAGICFall_v5_rh_sit\sit\mandre_sit_7.mp4,fall
dataset_MAGICFall_v5_rh_sit\sit\mandre_sit_8.mp4,fall
dataset_MAGICFall_v5_rh_sit\sit\mandre_sit_9.mp4,fall
dataset_MAGICFall_v5_rh_sit\sit\mauri_sit_0.mp4,fall
dataset_MAGICFall_v5_rh_sit\sit\mauri_sit_1.mp4,fall
dataset_MAGICFall_v5_rh_sit\sit\mauri_sit_2.mp4,fall
dataset_MAGICFall_v5_rh_sit\sit\mauri_sit_3.mp4,fall
dataset_MAGICFall_v5_rh_sit\sit\mauri_sit_4.mp4,fall
dataset_MAGICFall_v5_rh_sit\sit\mauri_sit_5.mp4,fall
dataset_MAGICFall_v5_rh_sit\sit\mauri_sit_6.mp4,fall
dataset_MAGICFall_v5_rh_sit\sit\mauri_sit_7.mp4,fall
dataset_MAGICFall_v5_rh_sit\sit\mauri_sit_lay_0.mp4,fall
dataset_MAGICFall_v5_rh_sit\sit\mauri_sit_lay_1.mp4,fall
dataset_MAGICFall_v5_rh_sit\sit\mauri_sit_lay_2.mp4,fall
dataset_MAGICFall_v5_rh_sit\sit\mauri_sit_lay_3.mp4,fall
dataset_MAGICFall_v5_rh_sit\sit\mauri_sit_lay_4.mp4,fall
dataset_MAGICFall_v5_rh_sit\sit\mauri_sit_lay_5.mp4,fall
dataset_MAGICFall_v5_rh_sit\sit\mauri_sit_lay_6.mp4,fall
dataset_MAGICFall_v5_rh_sit\sit\mauri_sit_lay_7.mp4,fall
dataset_MAGICFall_v5_rh_sit\sit\mauri_sit_lay_8.mp4,fall
dataset_MAGICFall_v6\no_fall\figio_pick_walk_0.mp4,nofall
dataset_MAGICFall_v6\no_fall\figio_pick_walk_1.mp4,nofall
dataset_MAGICFall_v6\no_fall\figio_pick_walk_2.mp4,nofall
dataset_MAGICFall_v6\no_fall\figio_pick_walk_3.mp4,nofall
dataset_MAGICFall_v6\no_fall\figio_pick_walk_4.mp4,nofall
dataset_MAGICFall_v6\no_fall\figio_pick_walk_5.mp4,nofall
dataset_MAGICFall_v6\no_fall\figio_pick_walk_6.mp4,nofall
dataset_MAGICFall_v6\no_fall\figio_pick_walk_7.mp4,nofall
dataset_MAGICFall_v6\no_fall\figio_pick_walk_8.mp4,nofall
dataset_MAGICFall_v6\no_fall\iaia_pick_walk.mp4,nofall
dataset_MAGICFall_v6\no_fall\iaia_pick_walk_0.mp4,nofall
dataset_MAGICFall_v6\no_fall\iaia_pick_walk_1.mp4,nofall
dataset_MAGICFall_v6\no_fall\iaia_pick_walk_2.mp4,nofall
dataset_MAGICFall_v6\no_fall\iaia_pick_walk_3.mp4,nofall
dataset_MAGICFall_v6\no_fall\iaia_pick_walk_4.mp4,nofall
dataset_MAGICFall_v6\no_fall\laba_pick_walk_0.mp4,nofall
dataset_MAGICFall_v6\no_fall\laba_pick_walk_1.mp4,nofall
dataset_MAGICFall_v6\no_fall\laba_pick_walk_2.mp4,nofall
dataset_MAGICFall_v6\no_fall\laba_pick_walk_3.mp4,nofall
dataset_MAGICFall_v6\no_fall\laba_pick_walk_4.mp4,nofall
dataset_MAGICFall_v6\no_fall\laba_pick_walk_5.mp4,nofall
dataset_MAGICFall_v6\no_fall\laba_pick_walk_6.mp4,nofall
dataset_MAGICFall_v6\no_fall\laba_walk_7.mp4,nofall
dataset_MAGICFall_v6\no_fall\laba_walk_8.mp4,nofall
dataset_MAGICFall_v6\no_fall\lanza_pick_walk_0.mp4,nofall
dataset_MAGICFall_v6\no_fall\lanza_pick_walk_1.mp4,nofall
dataset_MAGICFall_v6\no_fall\lanza_pick_walk_2.mp4,nofall
dataset_MAGICFall_v6\no_fall\lanza_pick_walk_3.mp4,nofall
dataset_MAGICFall_v6\no_fall\lanza_pick_walk_4.mp4,nofall
dataset_MAGICFall_v6\no_fall\lanza_pick_walk_5.mp4,nofall
dataset_MAGICFall_v6\no_fall\lanza_pick_walk_6.mp4,nofall
dataset_MAGICFall_v6\no_fall\lanza_pick_walk_7.mp4,nofall
dataset_MAGICFall_v6\no_fall\lanza_pick_walk_8.mp4,nofall
dataset_MAGICFall_v6\no_fall\mauri_pick_walk_0.mp4,nofall
dataset_MAGICFall_v6\no_fall\mauri_pick_walk_1.mp4,nofall
dataset_MAGICFall_v6\no_fall\mauri_pick_walk_2.mp4,nofall
dataset_MAGICFall_v6\no_fall\mauri_pick_walk_3.mp4,nofall
dataset_MAGICFall_v6\no_fall\mauri_pick_walk_4.mp4,nofall
dataset_MAGICFall_v6\no_fall\mauri_pick_walk_5.mp4,nofall
dataset_MAGICFall_v6\no_fall\mauri_pick_walk_6.mp4,nofall
dataset_MAGICFall_v6\no_fall\mauri_pick_walk_7.mp4,nofall
dataset_MAGICFall_v6\no_fall\mauri_pick_walk_8.mp4,nofall
dataset_MAGICFall_v6\no_fall\mauri_pick_walk_9.mp4,nofall
dataset_MAGICFall_v6\sit\figio_laces_sit_0.mp4,fall
dataset_MAGICFall_v6\sit\figio_laces_sit_1.mp4,fall
dataset_MAGICFall_v6\sit\figio_laces_sit_2.mp4,fall
dataset_MAGICFall_v6\sit\figio_laces_sit_3.mp4,fall
dataset_MAGICFall_v6\sit\figio_laces_sit_4.mp4,fall
dataset_MAGICFall_v6\sit\figio_laces_sit_5.mp4,fall
dataset_MAGICFall_v6\sit\figio_laces_sit_6.mp4,fall
dataset_MAGICFall_v6\sit\figio_laces_sit_7.mp4,fall
dataset_MAGICFall_v6\sit\figio_laces_sit_8.mp4,fall
dataset_MAGICFall_v6\sit\iaia_laces_sit_1.mp4,fall
dataset_MAGICFall_v6\sit\iaia_laces_sit_10.mp4,fall
dataset_MAGICFall_v6\sit\iaia_laces_sit_11.mp4,fall
dataset_MAGICFall_v6\sit\iaia_laces_sit_2.mp4,fall
dataset_MAGICFall_v6\sit\iaia_laces_sit_3.mp4,fall
dataset_MAGICFall_v6\sit\iaia_laces_sit_4.mp4,fall
dataset_MAGICFall_v6\sit\iaia_laces_sit_5.mp4,fall
dataset_MAGICFall_v6\sit\iaia_laces_sit_6.mp4,fall
dataset_MAGICFall_v6\sit\iaia_laces_sit_7.mp4,fall
dataset_MAGICFall_v6\sit\iaia_laces_sit_8.mp4,fall
dataset_MAGICFall_v6\sit\iaia_laces_sit_9.mp4,fall
dataset_MAGICFall_v6\sit\laba_laces_sit_0.mp4,fall
dataset_MAGICFall_v6\sit\laba_laces_sit_1.mp4,fall
dataset_MAGICFall_v6\sit\laba_laces_sit_2.mp4,fall
dataset_MAGICFall_v6\sit\laba_laces_sit_3.mp4,fall
dataset_MAGICFall_v6\sit\laba_laces_sit_4.mp4,fall
dataset_MAGICFall_v6\sit\laba_laces_sit_5.mp4,fall
dataset_MAGICFall_v6\sit\laba_laces_sit_6.mp4,fall
dataset_MAGICFall_v6\sit\laba_sit_7.mp4,fall
dataset_MAGICFall_v6\sit\laba_sit_8.mp4,fall
dataset_MAGICFall_v6\sit\laba_sit_9.mp4,fall
dataset_MAGICFall_v6\sit\lanza_laces_sit_0.mp4,fall
dataset_MAGICFall_v6\sit\lanza_laces_sit_1.mp4,fall
dataset_MAGICFall_v6\sit\lanza_laces_sit_2.mp4,fall
dataset_MAGICFall_v6\sit\lanza_laces_sit_3.mp4,fall
dataset_MAGICFall_v6\sit\lanza_laces_sit_4.mp4,fall
dataset_MAGICFall_v6\sit\lanza_laces_sit_5.mp4,fall
dataset_MAGICFall_v6\sit\lanza_sit_6.mp4,fall
dataset_MAGICFall_v6\sit\mauri_laces_sit_0.mp4,fall
dataset_MAGICFall_v6\sit\mauri_laces_sit_1.mp4,fall
dataset_MAGICFall_v6\sit\mauri_laces_sit_2.mp4,fall
dataset_MAGICFall_v6\sit\mauri_laces_sit_3.mp4,fall
dataset_MAGICFall_v6\sit\mauri_laces_sit_4.mp4,fall
dataset_MAGICFall_v6\sit\mauri_laces_sit_5.mp4,fall
dataset_MAGICFall_v6\sit\mauri_laces_sit_6.mp4,fall
dataset_MAGICFall_v6\sit\mauri_laces_sit_7.mp4,fall
dataset_MAGICFall_v6\sit\mauri_laces_sit_8.mp4,fall
dataset_MAGICFall_v6\sit\mauri_laces_sit_9.mp4,fall
dataset_MAGICFall_v7\fall\figio_fall_0.mp4,fall
dataset_MAGICFall_v7\fall\figio_fall_1.mp4,fall
dataset_MAGICFall_v7\fall\figio_fall_2.mp4,fall
dataset_MAGICFall_v7\fall\figio_fall_3.mp4,fall
dataset_MAGICFall_v7\fall\figio_fall_4.mp4,fall
dataset_MAGICFall_v7\fall\iaia_fall_10.mp4,fall
dataset_MAGICFall_v7\fall\iaia_fall_11.mp4,fall
dataset_MAGICFall_v7\fall\iaia_fall_12.mp4,fall
dataset_MAGICFall_v7\fall\iaia_fall_13.mp4,fall
dataset_MAGICFall_v7\fall\iaia_fall_14.mp4,fall
dataset_MAGICFall_v7\fall\iaia_fall_15.mp4,fall
dataset_MAGICFall_v7\fall\iaia_fall_16.mp4,fall
dataset_MAGICFall_v7\fall\iaia_fall_8.mp4,fall
dataset_MAGICFall_v7\fall\iaia_fall_9.mp4,fall
dataset_MAGICFall_v7\fall\laba_fall_0.mp4,fall
dataset_MAGICFall_v7\fall\laba_fall_1.mp4,fall
dataset_MAGICFall_v7\fall\laba_fall_3.mp4,fall
dataset_MAGICFall_v7\fall\laba_fall_4.mp4,fall
dataset_MAGICFall_v7\fall\laba_fall_5.mp4,fall
dataset_MAGICFall_v7\fall\laba_fall_6.mp4,fall
dataset_MAGICFall_v7\fall\laba_fall_7.mp4,fall
dataset_MAGICFall_v7\fall\lanza_fall_37.mp4,fall
dataset_MAGICFall_v7\fall\lanza_fall_38.mp4,fall
dataset_MAGICFall_v7\fall\lanza_fall_39.mp4,fall
dataset_MAGICFall_v7\fall\lanza_fall_40.mp4,fall
dataset_MAGICFall_v7\fall\lanza_fall_41.mp4,fall
dataset_MAGICFall_v7\fall\lanza_fall_42.mp4,fall
dataset_MAGICFall_v7\fall\lanza_fall_43.mp4,fall
dataset_MAGICFall_v7\fall\lanza_fall_44.mp4,fall
dataset_MAGICFall_v7\fall\lorenzo_falls_1_0.mp4,fall
dataset_MAGICFall_v7\fall\lorenzo_falls_1_1.mp4,fall
dataset_MAGICFall_v7\fall\lorenzo_falls_1_2.mp4,fall
dataset_MAGICFall_v7\fall\lorenzo_falls_1_3.mp4,fall
dataset_MAGICFall_v7\fall\lorenzo_falls_1_4.mp4,fall
dataset_MAGICFall_v7\fall\mandre_fall_26.mp4,fall
dataset_MAGICFall_v7\fall\mandre_fall_27.mp4,fall
dataset_MAGICFall_v7\fall\mandre_fall_28.mp4,fall
dataset_MAGICFall_v7\fall\mandre_fall_29.mp4,fall
dataset_MAGICFall_v7\fall\mandre_fall_30.mp4,fall
dataset_MAGICFall_v7\fall\mandre_fall_31.mp4,fall
dataset_MAGICFall_v7\no_fall\figio_walk_0.mp4,nofall
dataset_MAGICFall_v7\no_fall\figio_walk_1.mp4,nofall
dataset_MAGICFall_v7\no_fall\figio_walk_10.mp4,nofall
dataset_MAGICFall_v7\no_fall\figio_walk_11.mp4,nofall
dataset_MAGICFall_v7\no_fall\figio_walk_12.mp4,nofall
dataset_MAGICFall_v7\no_fall\figio_walk_13.mp4,nofall
dataset_MAGICFall_v7\no_fall\figio_walk_14.mp4,nofall
dataset_MAGICFall_v7\no_fall\figio_walk_15.mp4,nofall
dataset_MAGICFall_v7\no_fall\figio_walk_16.mp4,nofall
dataset_MAGICFall_v7\no_fall\figio_walk_17.mp4,nofall
dataset_MAGICFall_v7\no_fall\figio_walk_18.mp4,nofall
dataset_MAGICFall_v7\no_fall\figio_walk_19.mp4,nofall
dataset_MAGICFall_v7\no_fall\figio_walk_2.mp4,nofall
dataset_MAGICFall_v7\no_fall\figio_walk_20.mp4,nofall
dataset_MAGICFall_v7\no_fall\figio_walk_21.mp4,nofall
dataset_MAGICFall_v7\no_fall\figio_walk_22.mp4,nofall
dataset_MAGICFall_v7\no_fall\figio_walk_23.mp4,nofall
dataset_MAGICFall_v7\no_fall\figio_walk_3.mp4,nofall
dataset_MAGICFall_v7\no_fall\figio_walk_4.mp4,nofall
dataset_MAGICFall_v7\no_fall\figio_walk_5.mp4,nofall
dataset_MAGICFall_v7\no_fall\figio_walk_6.mp4,nofall
dataset_MAGICFall_v7\no_fall\figio_walk_7.mp4,nofall
dataset_MAGICFall_v7\no_fall\figio_walk_8.mp4,nofall
dataset_MAGICFall_v7\no_fall\figio_walk_9.mp4,nofall
dataset_MAGICFall_v7\no_fall\iaia_bend_walk_33.mp4,nofall
dataset_MAGICFall_v7\no_fall\iaia_bend_walk_34.mp4,nofall
dataset_MAGICFall_v7\no_fall\iaia_bend_walk_35.mp4,nofall
dataset_MAGICFall_v7\no_fall\iaia_bend_walk_36.mp4,nofall
dataset_MAGICFall_v7\no_fall\iaia_bend_walk_37.mp4,nofall
dataset_MAGICFall_v7\no_fall\iaia_bend_walk_38.mp4,nofall
dataset_MAGICFall_v7\no_fall\iaia_bend_walk_39.mp4,nofall
dataset_MAGICFall_v7\no_fall\iaia_bend_walk_40.mp4,nofall
dataset_MAGICFall_v7\no_fall\iaia_bend_walk_41.mp4,nofall
dataset_MAGICFall_v7\no_fall\iaia_bend_walk_42.mp4,nofall
dataset_MAGICFall_v7\no_fall\iaia_bend_walk_43.mp4,nofall
dataset_MAGICFall_v7\no_fall\iaia_bend_walk_44.mp4,nofall
dataset_MAGICFall_v7\no_fall\iaia_bend_walk_45.mp4,nofall
dataset_MAGICFall_v7\no_fall\iaia_bend_walk_46.mp4,nofall
dataset_MAGICFall_v7\no_fall\iaia_bend_walk_47.mp4,nofall
dataset_MAGICFall_v7\no_fall\iaia_bend_walk_48.mp4,nofall
dataset_MAGICFall_v7\no_fall\iaia_broom_walk_23.mp4,nofall
dataset_MAGICFall_v7\no_fall\iaia_broom_walk_24.mp4,nofall
dataset_MAGICFall_v7\no_fall\iaia_broom_walk_25.mp4,nofall
dataset_MAGICFall_v7\no_fall\iaia_broom_walk_26.mp4,nofall
dataset_MAGICFall_v7\no_fall\iaia_broom_walk_27.mp4,nofall
dataset_MAGICFall_v7\no_fall\iaia_broom_walk_28.mp4,nofall
dataset_MAGICFall_v7\no_fall\iaia_broom_walk_29.mp4,nofall
dataset_MAGICFall_v7\no_fall\iaia_broom_walk_30.mp4,nofall
dataset_MAGICFall_v7\no_fall\iaia_broom_walk_31.mp4,nofall
dataset_MAGICFall_v7\no_fall\iaia_broom_walk_32.mp4,nofall
dataset_MAGICFall_v7\no_fall\laba_bend.mp4,nofall
dataset_MAGICFall_v7\no_fall\laba_bend_knee_walk_17.mp4,nofall
dataset_MAGICFall_v7\no_fall\laba_bend_walk_0.mp4,nofall
dataset_MAGICFall_v7\no_fall\laba_bend_walk_1.mp4,nofall
dataset_MAGICFall_v7\no_fall\laba_bend_walk_10.mp4,nofall
dataset_MAGICFall_v7\no_fall\laba_bend_walk_15.mp4,nofall
dataset_MAGICFall_v7\no_fall\laba_bend_walk_16.mp4,nofall
dataset_MAGICFall_v7\no_fall\laba_bend_walk_18.mp4,nofall
dataset_MAGICFall_v7\no_fall\laba_bend_walk_19.mp4,nofall
dataset_MAGICFall_v7\no_fall\laba_bend_walk_2.mp4,nofall
dataset_MAGICFall_v7\no_fall\laba_bend_walk_20.mp4,nofall
dataset_MAGICFall_v7\no_fall\laba_bend_walk_21.mp4,nofall
dataset_MAGICFall_v7\no_fall\laba_bend_walk_22.mp4,nofall
dataset_MAGICFall_v7\no_fall\laba_bend_walk_3.mp4,nofall
dataset_MAGICFall_v7\no_fall\laba_bend_walk_4.mp4,nofall
dataset_MAGICFall_v7\no_fall\laba_bend_walk_5.mp4,nofall
dataset_MAGICFall_v7\no_fall\laba_bend_walk_6.mp4,nofall
dataset_MAGICFall_v7\no_fall\laba_bend_walk_7.mp4,nofall
dataset_MAGICFall_v7\no_fall\laba_bend_walk_8.mp4,nofall
dataset_MAGICFall_v7\no_fall\laba_bend_walk_9.mp4,nofall
dataset_MAGICFall_v7\no_fall\laba_broom_walk_11.mp4,nofall
dataset_MAGICFall_v7\no_fall\laba_broom_walk_12.mp4,nofall
dataset_MAGICFall_v7\no_fall\laba_broom_walk_13.mp4,nofall
dataset_MAGICFall_v7\no_fall\laba_broom_walk_14.mp4,nofall
dataset_MAGICFall_v7\no_fall\lanza_broom_walk_49.mp4,nofall
dataset_MAGICFall_v7\no_fall\lanza_broom_walk_50.mp4,nofall
dataset_MAGICFall_v7\no_fall\lanza_broom_walk_51.mp4,nofall
dataset_MAGICFall_v7\no_fall\lanza_broom_walk_52.mp4,nofall
dataset_MAGICFall_v7\no_fall\lanza_broom_walk_53.mp4,nofall
dataset_MAGICFall_v7\no_fall\lanza_walk_bend_0.mp4,nofall
dataset_MAGICFall_v7\no_fall\lanza_walk_bend_1.mp4,nofall
dataset_MAGICFall_v7\no_fall\lanza_walk_bend_10.mp4,nofall
dataset_MAGICFall_v7\no_fall\lanza_walk_bend_11.mp4,nofall
dataset_MAGICFall_v7\no_fall\lanza_walk_bend_12.mp4,nofall
dataset_MAGICFall_v7\no_fall\lanza_walk_bend_13.mp4,nofall
dataset_MAGICFall_v7\no_fall\lanza_walk_bend_14.mp4,nofall
dataset_MAGICFall_v7\no_fall\lanza_walk_bend_15.mp4,nofall
dataset_MAGICFall_v7\no_fall\lanza_walk_bend_16.mp4,nofall
dataset_MAGICFall_v7\no_fall\lanza_walk_bend_2.mp4,nofall
dataset_MAGICFall_v7\no_fall\lanza_walk_bend_3.mp4,nofall
dataset_MAGICFall_v7\no_fall\lanza_walk_bend_4.mp4,nofall
dataset_MAGICFall_v7\no_fall\lanza_walk_bend_5.mp4,nofall
dataset_MAGICFall_v7\no_fall\lanza_walk_bend_6.mp4,nofall
dataset_MAGICFall_v7\no_fall\lanza_walk_bend_7.mp4,nofall
dataset_MAGICFall_v7\no_fall\lanza_walk_bend_8.mp4,nofall
dataset_MAGICFall_v7\no_fall\lanza_walk_bend_9.mp4,nofall
dataset_MAGICFall_v7\no_fall\lorenzo_bend_over_movement_1_0.mp4,nofall
dataset_MAGICFall_v7\no_fall\lorenzo_bend_over_movement_1_1.mp4,nofall
dataset_MAGICFall_v7\no_fall\lorenzo_bend_over_movement_1_2.mp4,nofall
dataset_MAGICFall_v7\no_fall\lorenzo_bend_over_movement_1_3.mp4,nofall
dataset_MAGICFall_v7\no_fall\lorenzo_bend_over_movement_1_4.mp4,nofall
dataset_MAGICFall_v7\no_fall\lorenzo_bend_over_still_1_0.mp4,nofall
dataset_MAGICFall_v7\no_fall\lorenzo_bend_over_still_1_1.mp4,nofall
dataset_MAGICFall_v7\no_fall\lorenzo_bend_over_still_1_2.mp4,nofall
dataset_MAGICFall_v7\no_fall\lorenzo_bend_over_still_1_3.mp4,nofall
dataset_MAGICFall_v7\no_fall\lorenzo_bend_over_still_1_4.mp4,nofall
dataset_MAGICFall_v7\no_fall\lorenzo_broom_1_0.mp4,nofall
dataset_MAGICFall_v7\no_fall\lorenzo_broom_1_1.mp4,nofall
dataset_MAGICFall_v7\no_fall\lorenzo_broom_1_2.mp4,nofall
dataset_MAGICFall_v7\no_fall\lorenzo_broom_1_3.mp4,nofall
dataset_MAGICFall_v7\no_fall\lorenzo_broom_1_4.mp4,nofall
dataset_MAGICFall_v7\no_fall\lorenzo_broom_1_5.mp4,nofall
dataset_MAGICFall_v7\no_fall\lorenzo_broom_1_6.mp4,nofall
dataset_MAGICFall_v7\no_fall\mandre_bend_walk_73.mp4,nofall
dataset_MAGICFall_v7\no_fall\mandre_bend_walk_74.mp4,nofall
dataset_MAGICFall_v7\no_fall\mandre_bend_walk_75.mp4,nofall
dataset_MAGICFall_v7\no_fall\mandre_bend_walk_76.mp4,nofall
dataset_MAGICFall_v7\no_fall\mandre_bend_walk_77.mp4,nofall
dataset_MAGICFall_v7\no_fall\mandre_bend_walk_78.mp4,nofall
dataset_MAGICFall_v7\no_fall\mandre_bend_walk_79.mp4,nofall
dataset_MAGICFall_v7\no_fall\mandre_bend_walk_80.mp4,nofall
dataset_MAGICFall_v7\no_fall\mandre_bend_walk_81.mp4,nofall
dataset_MAGICFall_v7\no_fall\mandre_bend_walk_82.mp4,nofall
dataset_MAGICFall_v7\no_fall\mandre_bend_walk_83.mp4,nofall
dataset_MAGICFall_v7\no_fall\mandre_bend_walk_84.mp4,nofall
dataset_MAGICFall_v7\no_fall\mandre_bend_walk_85.mp4,nofall
dataset_MAGICFall_v7\no_fall\mandre_bend_walk_90.mp4,nofall
dataset_MAGICFall_v7\no_fall\mandre_bend_walk_91.mp4,nofall
dataset_MAGICFall_v7\no_fall\mandre_bend_walk_92.mp4,nofall
dataset_MAGICFall_v7\no_fall\mandre_bend_walk_93.mp4,nofall
dataset_MAGICFall_v7\no_fall\mandre_broom_walk_26.mp4,nofall
dataset_MAGICFall_v7\no_fall\mandre_broom_walk_27.mp4,nofall
dataset_MAGICFall_v7\no_fall\mandre_broom_walk_54.mp4,nofall
dataset_MAGICFall_v7\no_fall\mandre_broom_walk_86.mp4,nofall
dataset_MAGICFall_v7\no_fall\mandre_broom_walk_87.mp4,nofall
dataset_MAGICFall_v7\sit\figio_sit_0.mp4,fall
dataset_MAGICFall_v7\sit\figio_sit_1.mp4,fall
dataset_MAGICFall_v7\sit\figio_sit_10.mp4,fall
dataset_MAGICFall_v7\sit\figio_sit_11.mp4,fall
dataset_MAGICFall_v7\sit\figio_sit_12.mp4,fall
dataset_MAGICFall_v7\sit\figio_sit_13.mp4,fall
dataset_MAGICFall_v7\sit\figio_sit_14.mp4,fall
dataset_MAGICFall_v7\sit\figio_sit_15.mp4,fall
dataset_MAGICFall_v7\sit\figio_sit_16.mp4,fall
dataset_MAGICFall_v7\sit\figio_sit_2.mp4,fall
dataset_MAGICFall_v7\sit\figio_sit_3.mp4,fall
dataset_MAGICFall_v7\sit\figio_sit_4.mp4,fall
dataset_MAGICFall_v7\sit\figio_sit_5.mp4,fall
dataset_MAGICFall_v7\sit\figio_sit_6.mp4,fall
dataset_MAGICFall_v7\sit\figio_sit_7.mp4,fall
dataset_MAGICFall_v7\sit\figio_sit_8.mp4,fall
dataset_MAGICFall_v7\sit\figio_sit_9.mp4,fall
dataset_MAGICFall_v7\sit\iaia_movement_raise_sit_13.mp4,fall
dataset_MAGICFall_v7\sit\iaia_movement_raise_sit_14.mp4,fall
dataset_MAGICFall_v7\sit\iaia_movement_raise_sit_15.mp4,fall
dataset_MAGICFall_v7\sit\iaia_movement_raise_sit_7.mp4,fall
dataset_MAGICFall_v7\sit\iaia_movement_raise_sit_8.mp4,fall
dataset_MAGICFall_v7\sit\iaia_movement_sit_11.mp4,fall
dataset_MAGICFall_v7\sit\iaia_movement_sit_12.mp4,fall
dataset_MAGICFall_v7\sit\iaia_raise_sit_10.mp4,fall
dataset_MAGICFall_v7\sit\iaia_raise_sit_6.mp4,fall
dataset_MAGICFall_v7\sit\iaia_raise_sit_9.mp4,fall
dataset_MAGICFall_v7\sit\laba_movement_sit_0.mp4,fall
dataset_MAGICFall_v7\sit\laba_movement_sit_1.mp4,fall
dataset_MAGICFall_v7\sit\laba_movement_sit_2.mp4,fall
dataset_MAGICFall_v7\sit\laba_raise_sit_3.mp4,fall
dataset_MAGICFall_v7\sit\laba_raise_sit_4.mp4,fall
dataset_MAGICFall_v7\sit\laba_raise_sit_5.mp4,fall
dataset_MAGICFall_v7\sit\lanza_movement_sit_16.mp4,fall
dataset_MAGICFall_v7\sit\lanza_movement_sit_17.mp4,fall
dataset_MAGICFall_v7\sit\lanza_raise_sit_18.mp4,fall
dataset_MAGICFall_v7\sit\lanza_raise_sit_19.mp4,fall
dataset_MAGICFall_v7\sit\lanza_raise_sit_36.mp4,fall
dataset_MAGICFall_v7\sit\lanza_sit.mp4,fall
dataset_MAGICFall_v7\sit\lanza_sit_movement_17.mp4,fall
dataset_MAGICFall_v7\sit\lorenzo_sit_movement_1_0.mp4,fall
dataset_MAGICFall_v7\sit\lorenzo_sit_movement_1_1.mp4,fall
dataset_MAGICFall_v7\sit\lorenzo_sit_movement_1_2.mp4,fall
dataset_MAGICFall_v7\sit\lorenzo_sit_movement_1_3.mp4,fall
dataset_MAGICFall_v7\sit\lorenzo_sit_movement_1_4.mp4,fall
dataset_MAGICFall_v7\sit\lorenzo_sit_movement_1_5.mp4,fall
dataset_MAGICFall_v7\sit\lorenzo_sit_movement_1_6.mp4,fall
dataset_MAGICFall_v7\sit\lorenzo_sit_movement_1_7.mp4,fall
dataset_MAGICFall_v7\sit\lorenzo_sit_rh_1_0.mp4,fall
dataset_MAGICFall_v7\sit\lorenzo_sit_rh_1_1.mp4,fall
dataset_MAGICFall_v7\sit\lorenzo_sit_rh_1_2.mp4,fall
dataset_MAGICFall_v7\sit\lorenzo_sit_rh_1_3.mp4,fall
dataset_MAGICFall_v7\sit\lorenzo_sit_rh_1_4.mp4,fall
dataset_MAGICFall_v7\sit\mandre_movement_sit_21.mp4,fall
dataset_MAGICFall_v7\sit\mandre_movement_sit_22.mp4,fall
dataset_MAGICFall_v7\sit\mandre_movement_sit_23.mp4,fall
dataset_MAGICFall_v7\sit\mandre_movement_sit_24.mp4,fall
dataset_MAGICFall_v7\sit\mandre_movement_sit_25.mp4,fall
dataset_MAGICFall_v7\sit\mandre_movement_sit_26.mp4,fall
dataset_MAGICFall_v7\sit\mandre_raise_sit_27.mp4,fall
dataset_MAGICFall_v7\sit\mandre_raise_sit_28.mp4,fall
dataset_MAGICFall_v7\sit\mandre_raise_sit_29.mp4,fall
dataset_MAGICFall_v7\sit\mandre_raise_sit_30.mp4,fall
dataset_MAGICFall_v7\sit\mandre_raise_sit_31.mp4,fall
dataset_MAGICFall_v7\sit\mandre_raise_sit_32.mp4,fall
dataset_MAGICFall_v7.5\no_fall\iaia_bend_walk_12.mp4,nofall
dataset_MAGICFall_v7.5\no_fall\iaia_bend_walk_13.mp4,nofall
dataset_MAGICFall_v7.5\no_fall\iaia_bend_walk_16.mp4,nofall
dataset_MAGICFall_v7.5\no_fall\iaia_bend_walk_17.mp4,nofall
dataset_MAGICFall_v7.5\no_fall\iaia_bend_walk_18.mp4,nofall
dataset_MAGICFall_v7.5\no_fall\iaia_bend_walk_19.mp4,nofall
dataset_MAGICFall_v7.5\no_fall\iaia_bend_walk_20.mp4,nofall
dataset_MAGICFall_v7.5\no_fall\iaia_bend_walk_21.mp4,nofall
dataset_MAGICFall_v7.5\no_fall\iaia_bend_walk_22.mp4,nofall
dataset_MAGICFall_v7.5\no_fall\iaia_bend_walk_23.mp4,nofall
dataset_MAGICFall_v7.5\no_fall\iaia_bend_walk_24.mp4,nofall
dataset_MAGICFall_v7.5\no_fall\iaia_bend_walk_25.mp4,nofall
dataset_MAGICFall_v7.5\no_fall\iaia_bend_walk_26.mp4,nofall
dataset_MAGICFall_v7.5\no_fall\iaia_bend_walk_27.mp4,nofall
dataset_MAGICFall_v7.5\no_fall\iaia_bend_walk_28.mp4,nofall
dataset_MAGICFall_v7.5\no_fall\iaia_bend_walk_29.mp4,nofall
dataset_MAGICFall_v7.5\no_fall\iaia_bend_walk_30.mp4,nofall
dataset_MAGICFall_v7.5\no_fall\iaia_bend_walk_31.mp4,nofall
dataset_MAGICFall_v7.5\no_fall\lanza_bend_walk_0.mp4,nofall
dataset_MAGICFall_v7.5\no_fall\lanza_bend_walk_1.mp4,nofall
dataset_MAGICFall_v7.5\no_fall\lanza_bend_walk_10.mp4,nofall
dataset_MAGICFall_v7.5\no_fall\lanza_bend_walk_11.mp4,nofall
dataset_MAGICFall_v7.5\no_fall\lanza_bend_walk_12.mp4,nofall
dataset_MAGICFall_v7.5\no_fall\lanza_bend_walk_13.mp4,nofall
dataset_MAGICFall_v7.5\no_fall\lanza_bend_walk_2.mp4,nofall
dataset_MAGICFall_v7.5\no_fall\lanza_bend_walk_3.mp4,nofall
dataset_MAGICFall_v7.5\no_fall\lanza_bend_walk_4.mp4,nofall
dataset_MAGICFall_v7.5\no_fall\lanza_bend_walk_5.mp4,nofall
dataset_MAGICFall_v7.5\no_fall\lanza_bend_walk_6.mp4,nofall
dataset_MAGICFall_v7.5\no_fall\lanza_bend_walk_7.mp4,nofall
dataset_MAGICFall_v7.5\no_fall\lanza_bend_walk_8.mp4,nofall
dataset_MAGICFall_v7.5\no_fall\lanza_bend_walk_9.mp4,nofall
